year,assess_year,code,category,taxonid_iucn
2004,2004,EN,Endangered,41032
2002,2002,NT,Near Threatened,41032
2004,2004,EN,Endangered,14969
2002,2002,EN,Endangered,14969
1996,1996,EN,Endangered,14969
1994,1994,V,Vulnerable,14969
2004,2004,EN,Endangered,12148
2002,2002,EN,Endangered,12148
1996,1996,EN,Endangered,12148
1994,1994,V,Vulnerable,12148
2004,2004,EN,Endangered,12152
2002,2002,EN,Endangered,12152
1996,1996,EN,Endangered,12152
1994,1994,K,Insufficiently Known,12152
2004,2004,EN,Endangered,12153
2002,2002,EN,Endangered,12153
1996,1996,EN,Endangered,12153
1994,1994,V,Vulnerable,12153
2021,2020,EN,Endangered,73727511
2020,2019,EN,Endangered,58794
2004,2004,EN,Endangered,58794
1996,1996,EN,Endangered,12244
1994,1994,R,Rare,12244
2008,2008,EN,Endangered,133226
2016,2016,EN,Endangered,22688130
2012,2012,EN,Endangered,22688130
2008,2008,EN,Endangered,22688130
2004,2004,EN,Endangered,22688130
2000,2000,EN,Endangered,22688130
1996,1996,VU,Vulnerable,22688130
1994,1994,VU,Vulnerable,22688130
1988,1988,T,Threatened,22688130
2016,2016,EN,Endangered,12263
2008,2008,DD,Data Deficient,12263
1996,1996,VU,Vulnerable,12263
2016,2016,EN,Endangered,12264
2008,2008,NT,Near Threatened,12264
1996,1996,VU,Vulnerable,12264
2016,2016,EN,Endangered,12271
2008,2008,EN,Endangered,12271
1996,1996,VU,Vulnerable,12271
2021,2020,EN,Endangered,22719912
2018,2018,EN,Endangered,22719912
2016,2016,VU,Vulnerable,22719912
2012,2012,VU,Vulnerable,22719912
2008,2008,VU,Vulnerable,22719912
2004,2004,VU,Vulnerable,22719912
2000,2000,VU,Vulnerable,22719912
1996,1996,VU,Vulnerable,22719912
1994,1994,VU,Vulnerable,22719912
1988,1988,LR/lc,Lower Risk/least concern,22719912
2020,2010,EN,Endangered,172494
2011,2010,EN,Endangered,172494
2021,2020,EN,Endangered,12303
2015,2014,EN,Endangered,12303
2008,2008,EN,Endangered,12303
2004,2004,EN,Endangered,12303
2000,2000,EN,Endangered,12303
1996,1996,EN,Endangered,12303
1994,1994,V,Vulnerable,12303
1990,1990,V,Vulnerable,12303
1988,1988,V,Vulnerable,12303
1986,1986,V,Vulnerable,12303
1982,1982,V,Vulnerable,12303
2021,2019,EN,Endangered,12305
2015,2014,EN,Endangered,12305
2008,2008,EN,Endangered,12305
2004,2004,EN,Endangered,12305
2000,2000,EN,Endangered,12305
1996,1996,VU,Vulnerable,12305
1994,1994,V,Vulnerable,12305
1990,1990,V,Vulnerable,12305
1988,1988,V,Vulnerable,12305
1986,1986,I,Indeterminate,12305
1982,1982,I,Indeterminate,12305
2015,2013,EN,Endangered,16545046
2020,2017,EN,Endangered,47992974
2019,2017,EN,Endangered,47992974
2016,2016,EN,Endangered,45056
2008,2008,EN,Endangered,45056
2004,2004,VU,Vulnerable,45056
2018,2017,EN,Endangered,47992992
2020,2015,EN,Endangered,12375
2008,2008,EN,Endangered,12375
2004,2004,EN,Endangered,12375
2000,2000,VU,Vulnerable,12375
1996,1996,VU,Vulnerable,12375
2016,2016,EN,Endangered,22684586
2013,2013,EN,Endangered,22684586
2012,2012,EN,Endangered,22684586
2008,2008,VU,Vulnerable,22684586
2004,2004,VU,Vulnerable,22684586
2000,2000,VU,Vulnerable,22684586
1996,1996,VU,Vulnerable,22684586
1994,1994,VU,Vulnerable,22684586
1988,1988,T,Threatened,22684586
2008,2008,EN,Endangered,134759
2008,2008,EN,Endangered,12383
1996,1996,CR,Critically Endangered,12383
2020,2020,EN,Endangered,22720651
2018,2018,EN,Endangered,22720651
2016,2016,EN,Endangered,22720651
2012,2012,EN,Endangered,22720651
2008,2008,EN,Endangered,22720651
2004,2004,EN,Endangered,22720651
2000,2000,EN,Endangered,22720651
1994,1994,NR,Not Recognized,22720651
1988,1988,NR,Not Recognized,22720651
2021,2020,EN,Endangered,181008073
2016,2016,EN,Endangered,103823991
2019,2018,EN,Endangered,12395
1996,1996,CR,Critically Endangered,12395
1994,1994,E,Endangered,12395
1990,1990,E,Endangered,12395
1988,1988,V,Vulnerable,12395
1986,1986,V,Vulnerable,12395
2018,2017,EN,Endangered,102675478
2021,2020,EN,Endangered,178290336
2021,2020,EN,Endangered,178290603
2021,2020,EN,Endangered,16467724
2015,2012,EN,Endangered,16467724
2021,2020,EN,Endangered,12400
1996,1996,VU,Vulnerable,12400
2006,2006,EN,Endangered,60805
1996,1996,DD,Data Deficient,60805
2014,2013,EN,Endangered,60405
2006,2006,VU,Vulnerable,60405
2019,2019,EN,Endangered,91311316
2011,2011,EN,Endangered,181350
2014,2011,EN,Endangered,185152
1996,1996,EN,Endangered,12415
2021,2020,EN,Endangered,12421
2015,2014,EN,Endangered,12421
2008,2008,EN,Endangered,12421
2004,2004,DD,Data Deficient,12421
2000,2000,DD,Data Deficient,12421
1996,1996,VU,Vulnerable,12421
1994,1994,K,Insufficiently Known,12421
1990,1990,K,Insufficiently Known,12421
1988,1988,K,Insufficiently Known,12421
2020,2019,EN,Endangered,139440501
2017,2017,EN,Endangered,22726086
2016,2016,LC,Least Concern,22726086
2014,2014,LC,Least Concern,22726086
2016,2016,EN,Endangered,41586
2008,2008,CR,Critically Endangered,41586
2004,2004,CR,Critically Endangered,41586
2012,2012,EN,Endangered,12436
2008,2008,EN,Endangered,12436
2004,2004,EN,Endangered,12436
1996,1996,EN,Endangered,12436
1994,1994,E,Endangered,12436
1990,1990,E,Endangered,12436
1988,1988,V,Vulnerable,12436
1986,1986,V,Vulnerable,12436
2009,2008,EN,Endangered,61913
2006,2006,EN,Endangered,61913
2009,2008,EN,Endangered,61914
2006,2006,EN,Endangered,61914
2009,2008,EN,Endangered,61916
2006,2006,EN,Endangered,61916
2009,2008,EN,Endangered,61917
2006,2006,EN,Endangered,61917
2021,2019,EN,Endangered,48891023
2011,2011,EN,Endangered,172791
2010,2009,EN,Endangered,177502
2021,2020,EN,Endangered,61427
2006,2006,EN,Endangered,61427
2019,2017,EN,Endangered,66182359
2011,2011,EN,Endangered,172810
2011,2011,EN,Endangered,172959
2011,2011,EN,Endangered,193262
2010,2009,EN,Endangered,155827
2010,2007,EN,Endangered,184619
2018,2017,EN,Endangered,57220
2004,2004,DD,Data Deficient,57220
2018,2017,EN,Endangered,57221
2008,2008,EN,Endangered,57221
2004,2004,CR,Critically Endangered,57221
2015,2014,EN,Endangered,12520
2008,2008,CR,Critically Endangered,12520
2006,2006,CR,Critically Endangered,12520
2002,2002,CR,Critically Endangered,12520
1996,1996,EN,Endangered,12520
1994,1994,E,Endangered,12520
1990,1990,E,Endangered,12520
1988,1988,E,Endangered,12520
1986,1986,E,Endangered,12520
1965,1965,,"""Very rare and believed to be decreasing in numbers""",12520
2021,2020,EN,Endangered,197101
2020,2015,EN,Endangered,12553
2008,2008,EN,Endangered,12553
2000,2000,EN,Endangered,12553
1996,1996,EN,Endangered,12553
1996,1996,VU,Vulnerable,12553
1994,1994,V,Vulnerable,12553
1990,1990,V,Vulnerable,12553
1988,1988,V,Vulnerable,12553
2020,2015,EN,Endangered,136569
2008,2008,EN,Endangered,136569
2020,2015,EN,Endangered,39795
2008,2008,VU,Vulnerable,39795
2000,2000,CR,Critically Endangered,39795
2020,2015,EN,Endangered,12559
2008,2008,EN,Endangered,12559
2004,2004,EN,Endangered,12559
2000,2000,EN,Endangered,12559
1996,1996,EN,Endangered,12559
1994,1994,V,Vulnerable,12559
1990,1990,E,Endangered,12559
1988,1988,E,Endangered,12559
1986,1986,E,Endangered,12559
2020,2015,EN,Endangered,12560
2008,2008,EN,Endangered,12560
2000,2000,VU,Vulnerable,12560
1996,1996,LR/nt,Lower Risk/near threatened,12560
2020,2015,EN,Endangered,39799
2008,2008,EN,Endangered,39799
2004,2004,EN,Endangered,39799
2000,2000,VU,Vulnerable,39799
2020,2015,EN,Endangered,39798
2008,2008,EN,Endangered,39798
2004,2004,EN,Endangered,39798
2000,2000,VU,Vulnerable,39798
2020,2016,EN,Endangered,12561
2008,2008,EN,Endangered,12561
2000,2000,VU,Vulnerable,12561
1996,1996,VU,Vulnerable,12561
1994,1994,V,Vulnerable,12561
1990,1990,V,Vulnerable,12561
1988,1988,V,Vulnerable,12561
1986,1986,V,Vulnerable,12561
2019,2019,EN,Endangered,12573
1996,1996,EN,Endangered,12573
1994,1994,E,Endangered,12573
1990,1990,E,Endangered,12573
1988,1988,E,Endangered,12573
2019,2019,EN,Endangered,122906177
2021,2020,EN,Endangered,169527133
2019,2019,EN,Endangered,12581
1996,1996,DD,Data Deficient,12581
1994,1994,K,Insufficiently Known,12581
2013,2012,EN,Endangered,202154
2017,2017,EN,Endangered,22724290
2016,2016,EN,Endangered,22724290
2012,2012,EN,Endangered,22724290
2011,2011,EN,Endangered,22724290
2008,2008,EN,Endangered,22724290
2007,2007,EN,Endangered,22724290
2004,2004,CR,Critically Endangered,22724290
2000,2000,CR,Critically Endangered,22724290
1994,1994,LR/nt,Lower Risk/near threatened,22724290
1988,1988,NT,Near Threatened,22724290
2013,2013,EN,Endangered,197879
2013,2012,EN,Endangered,198360
2013,2011,EN,Endangered,197887
2013,2011,EN,Endangered,197777
2013,2011,EN,Endangered,198163
2016,2016,EN,Endangered,89298432
1996,1996,EN,Endangered,12601
1994,1994,R,Rare,12601
2020,2019,EN,Endangered,139549193
2020,2019,EN,Endangered,139570899
2016,2016,EN,Endangered,22718436
2012,2012,EN,Endangered,22718436
2008,2008,EN,Endangered,22718436
2004,2004,EN,Endangered,22718436
2000,2000,EN,Endangered,22718436
1994,1994,LR/nt,Lower Risk/near threatened,22718436
1988,1988,LR/lc,Lower Risk/least concern,22718436
2012,2011,EN,Endangered,195548
1996,1996,EN,Endangered,12609
1994,1994,R,Rare,12609
2017,2014,EN,Endangered,178645
2010,2009,EN,Endangered,178645
2018,2017,EN,Endangered,67599559
2016,2016,EN,Endangered,22715162
2013,2013,EN,Endangered,22715162
2012,2012,EN,Endangered,22715162
2008,2008,EN,Endangered,22715162
2004,2004,EN,Endangered,22715162
2000,2000,EN,Endangered,22715162
1996,1996,EN,Endangered,22715162
1994,1994,EN,Endangered,22715162
1988,1988,T,Threatened,22715162
2016,2016,EN,Endangered,12646
2008,2008,EN,Endangered,12646
1996,1996,CR,Critically Endangered,12646
1994,1994,K,Insufficiently Known,12646
2009,2008,EN,Endangered,12654
2006,2006,EN,Endangered,12654
1996,1996,CR,Critically Endangered,12654
1994,1994,E,Endangered,12654
1990,1990,E,Endangered,12654
1988,1988,V,Vulnerable,12654
1986,1986,V,Vulnerable,12654
2020,2020,EN,Endangered,161566
2016,2004,VU,Vulnerable,161566
2009,2004,VU,Vulnerable,161566
2020,2020,EN,Endangered,104188627
2020,2020,EN,Endangered,161540
2016,2004,VU,Vulnerable,161540
2009,2004,VU,Vulnerable,161540
2021,2020,EN,Endangered,80343859
2021,2020,EN,Endangered,80343914
2021,2020,EN,Endangered,80272413
2021,2020,EN,Endangered,80343965
2021,2020,EN,Endangered,190103928
2021,2020,EN,Endangered,80349352
2021,2020,EN,Endangered,190103980
2016,2016,EN,Endangered,91353263
2016,1996,LR/nt,Lower Risk/near threatened,13022
2016,2016,EN,Endangered,13022
1996,1996,LR/nt,Lower Risk/near threatened,13022
2016,2016,EN,Endangered,91353281
2016,2016,EN,Endangered,91353325
2021,2020,EN,Endangered,184535197
2016,2016,EN,Endangered,22714290
2012,2012,EN,Endangered,22714290
2008,2008,EN,Endangered,22714290
2004,2004,EN,Endangered,22714290
2000,2000,EN,Endangered,22714290
1996,1996,VU,Vulnerable,22714290
1994,1994,VU,Vulnerable,22714290
1988,1988,T,Threatened,22714290
2011,2011,EN,Endangered,172732
2016,2015,EN,Endangered,57867
2008,2008,EN,Endangered,57867
2004,2004,EN,Endangered,57867
1996,1996,EN,Endangered,12693
2017,2016,EN,Endangered,12700
1996,1996,LR/nt,Lower Risk/near threatened,12700
1994,1994,V,Vulnerable,12700
1990,1990,V,Vulnerable,12700
2017,2017,EN,Endangered,22707747
2016,2016,CR,Critically Endangered,22707747
2012,2012,CR,Critically Endangered,22707747
2010,2010,CR,Critically Endangered,22707747
2009,2009,CR,Critically Endangered,22707747
2008,2008,CR,Critically Endangered,22707747
2006,2006,CR,Critically Endangered,22707747
2004,2004,EN,Endangered,22707747
2000,2000,EN,Endangered,22707747
1996,1996,CR,Critically Endangered,22707747
1994,1994,CR,Critically Endangered,22707747
1988,1988,T,Threatened,22707747
2016,2016,EN,Endangered,45359050
2014,2014,EN,Endangered,45359050
2016,2016,EN,Endangered,22719091
2012,2012,EN,Endangered,22719091
2008,2008,EN,Endangered,22719091
2004,2004,EN,Endangered,22719091
2000,2000,EN,Endangered,22719091
1996,1996,CR,Critically Endangered,22719091
1994,1994,CR,Critically Endangered,22719091
1988,1988,T,Threatened,22719091
2016,2016,EN,Endangered,12722
2008,2008,EN,Endangered,12722
1996,1996,CR,Critically Endangered,12722
2019,2019,EN,Endangered,12726
1996,1996,LR/cd,Lower Risk/conservation dependent,12726
1994,1994,V,Vulnerable,12726
1990,1990,V,Vulnerable,12726
1988,1988,V,Vulnerable,12726
1986,1986,V,Vulnerable,12726
2020,2017,EN,Endangered,12753
2008,2008,EN,Endangered,12753
2000,2000,EN,Endangered,12753
1996,1996,EN,Endangered,12753
1994,1994,E,Endangered,12753
1990,1990,E,Endangered,12753
1988,1988,E,Endangered,12753
1986,1986,E,Endangered,12753
2020,2017,EN,Endangered,12756
2008,2008,EN,Endangered,12756
2000,2000,EN,Endangered,12756
1996,1900,EN,Endangered,12756
1996,1996,VU,Vulnerable,12756
2020,2016,EN,Endangered,12755
2008,2008,EN,Endangered,12755
2000,2000,EN,Endangered,12755
1996,1996,EN,Endangered,12755
2015,2013,EN,Endangered,174425
2019,2019,EN,Endangered,12761
2014,2013,EN,Endangered,12761
2008,2008,NT,Near Threatened,12761
1996,1996,LR/nt,Lower Risk/near threatened,12761
2020,2020,EN,Endangered,55241
2004,2004,CR,Critically Endangered,55241
2020,2020,EN,Endangered,55242
2010,2008,EN,Endangered,55242
2008,2008,EN,Endangered,55242
2004,2004,EN,Endangered,55242
2020,2020,EN,Endangered,55245
2004,2004,CR,Critically Endangered,55245
2020,2019,EN,Endangered,165505520
2020,2020,EN,Endangered,78519340
2020,2020,EN,Endangered,55250
2004,2004,EN,Endangered,55250
2020,2020,EN,Endangered,136122
2008,2008,EN,Endangered,136122
2020,2020,EN,Endangered,55252
2004,2004,EN,Endangered,55252
2016,2016,EN,Endangered,22704441
2013,2013,EN,Endangered,22704441
2012,2012,EN,Endangered,22704441
2008,2008,EN,Endangered,22704441
2007,2007,EN,Endangered,22704441
2004,2004,EN,Endangered,22704441
2000,2000,EN,Endangered,22704441
1996,1996,CR,Critically Endangered,22704441
1994,1994,CR,Critically Endangered,22704441
1988,1988,T,Threatened,22704441
2021,2018,EN,Endangered,12775
2000,2000,VU,Vulnerable,12775
1996,1996,VU,Vulnerable,12775
1994,1994,K,Insufficiently Known,12775
1990,1990,K,Insufficiently Known,12775
1988,1988,K,Insufficiently Known,12775
1986,1986,K,Insufficiently Known,12775
1982,1982,K,Insufficiently Known,12775
2020,2018,EN,Endangered,12776
2008,2008,CR,Critically Endangered,12776
2004,2004,CR,Critically Endangered,12776
1996,1996,VU,Vulnerable,12776
2014,2014,EN,Endangered,57441
2008,2008,CR,Critically Endangered,57441
2004,2004,CR,Critically Endangered,57441
2017,2016,EN,Endangered,57443
2008,2008,EN,Endangered,57443
2004,2004,EN,Endangered,57443
2016,2016,EN,Endangered,57444
2008,2008,VU,Vulnerable,57444
2004,2004,VU,Vulnerable,57444
2017,2016,EN,Endangered,57451
2008,2008,EN,Endangered,57451
2004,2004,EN,Endangered,57451
2017,2017,EN,Endangered,57454
2008,2008,DD,Data Deficient,57454
2004,2004,DD,Data Deficient,57454
2017,2017,EN,Endangered,135792
2008,2008,DD,Data Deficient,135792
2017,2017,EN,Endangered,136059
2008,2008,VU,Vulnerable,136059
2017,2017,EN,Endangered,57498
2008,2008,EN,Endangered,57498
2004,2004,EN,Endangered,57498
2016,2015,EN,Endangered,49570548
2016,2016,EN,Endangered,22720814
2013,2013,EN,Endangered,22720814
2012,2012,EN,Endangered,22720814
2008,2008,EN,Endangered,22720814
2004,2004,EN,Endangered,22720814
2000,2000,EN,Endangered,22720814
1996,1996,EN,Endangered,22720814
1994,1994,EN,Endangered,22720814
1988,1988,NT,Near Threatened,22720814
2017,2016,EN,Endangered,107628552
2020,2019,EN,Endangered,182980
2010,2006,EN,Endangered,182980
2017,2016,EN,Endangered,107661846
2018,2017,EN,Endangered,45957342
2021,2020,EN,Endangered,157733480
2014,2013,EN,Endangered,164816
2011,2010,EN,Endangered,171823
2017,2010,EN,Endangered,12799
1996,1996,EN,Endangered,12799
1994,1994,V,Vulnerable,12799
1990,1990,V,Vulnerable,12799
1988,1988,V,Vulnerable,12799
1986,1986,V,Vulnerable,12799
1983,1983,V,Vulnerable,12799
2012,2012,EN,Endangered,12800
2000,2000,EN,Endangered,12800
1996,1996,EN,Endangered,12800
1994,1994,I,Indeterminate,12800
1990,1990,I,Indeterminate,12800
1988,1988,I,Indeterminate,12800
1986,1986,I,Indeterminate,12800
2009,2008,EN,Endangered,168212
2009,2008,EN,Endangered,166311
2009,2008,EN,Endangered,168213
2014,2012,EN,Endangered,196456
2021,2014,EN,Endangered,137792497
2011,2011,EN,Endangered,156464
2021,2017,EN,Endangered,176136
2010,2009,VU,Vulnerable,176136
2021,2017,EN,Endangered,176211
2011,2010,CR,Critically Endangered,176211
2016,2016,EN,Endangered,12832
2008,2008,EN,Endangered,12832
1996,1996,LR/lc,Lower Risk/least concern,12832
2010,2007,EN,Endangered,184728
2000,2000,EN,Endangered,18958
1996,1996,DD,Data Deficient,18958
1994,1994,I,Indeterminate,18958
2012,2011,EN,Endangered,169514
2009,2007,EN,Endangered,169514
1996,1996,EN,Endangered,12872
2018,1996,EN,Endangered,12873
1996,1996,EN,Endangered,12873
1994,1994,R,Rare,12873
2021,2021,EN,Endangered,195991738
2000,2000,EN,Endangered,4656
1996,1996,DD,Data Deficient,4656
2011,2011,EN,Endangered,170502
2016,2016,EN,Endangered,12906
2008,2008,EN,Endangered,12906
1996,1996,EN,Endangered,12906
2014,2012,EN,Endangered,201415
2018,2018,EN,Endangered,19673959
2018,2018,EN,Endangered,19673945
2013,2012,EN,Endangered,12923
1996,1996,VU,Vulnerable,12923
1994,1994,V,Vulnerable,12923
1990,1990,V,Vulnerable,12923
1988,1988,V,Vulnerable,12923
1986,1986,V,Vulnerable,12923
2006,2006,EN,Endangered,61492
1996,1996,EN,Endangered,12924
1994,1994,V,Vulnerable,12924
2012,2012,EN,Endangered,12927
1996,1996,CR,Critically Endangered,12927
1994,1994,E,Endangered,12927
2018,2017,EN,Endangered,12940
2008,2008,EN,Endangered,12940
1996,1996,LR/nt,Lower Risk/near threatened,12940
2018,2017,EN,Endangered,12941
2008,2008,EN,Endangered,12941
1996,1996,LR/lc,Lower Risk/least concern,12941
2019,2017,EN,Endangered,12942
2008,2008,EN,Endangered,12942
1996,1996,LR/lc,Lower Risk/least concern,12942
2020,2020,EN,Endangered,22697800
2018,2018,EN,Endangered,22697800
2016,2016,EN,Endangered,22697800
2012,2012,EN,Endangered,22697800
2010,2010,EN,Endangered,22697800
2008,2008,EN,Endangered,22697800
2007,2007,EN,Endangered,22697800
2005,2005,EN,Endangered,22697800
2004,2004,EN,Endangered,22697800
2000,2000,EN,Endangered,22697800
1996,1996,VU,Vulnerable,22697800
1994,1994,VU,Vulnerable,22697800
1988,1988,T,Threatened,22697800
2020,2019,EN,Endangered,42683
2006,2006,VU,Vulnerable,42683
1996,1996,VU,Vulnerable,42683
1994,1994,I,Indeterminate,42683
1990,1990,I,Indeterminate,42683
1988,1988,I,Indeterminate,42683
1986,1986,I,Indeterminate,42683
2020,2019,EN,Endangered,12959
1996,1996,VU,Vulnerable,12959
1994,1994,E,Endangered,12959
1990,1990,E,Endangered,12959
1988,1988,E,Endangered,12959
1986,1986,E,Endangered,12959
2020,2019,EN,Endangered,12960
1996,1996,VU,Vulnerable,12960
1994,1994,I,Indeterminate,12960
1990,1990,I,Indeterminate,12960
1988,1988,I,Indeterminate,12960
1986,1986,I,Indeterminate,12960
1996,1996,EN,Endangered,12972
1996,1996,EN,Endangered,12974
1996,1996,EN,Endangered,12975
2020,2020,EN,Endangered,22715555
2018,2018,EN,Endangered,22715555
2017,2016,EN,Endangered,22715555
2016,2016,EN,Endangered,22715555
2012,2012,EN,Endangered,22715555
2008,2008,EN,Endangered,22715555
2006,2006,EN,Endangered,22715555
2004,2004,DD,Data Deficient,22715555
2000,2000,DD,Data Deficient,22715555
1996,1996,CR,Critically Endangered,22715555
1994,1994,CR,Critically Endangered,22715555
1988,1988,T,Threatened,22715555
2008,2008,EN,Endangered,132835
2008,2008,EN,Endangered,132832
2014,2013,EN,Endangered,13008
1996,1996,VU,Vulnerable,13008
1994,1994,V,Vulnerable,13008
1990,1990,V,Vulnerable,13008
1988,1988,V,Vulnerable,13008
1986,1986,V,Vulnerable,13008
1983,1983,V,Vulnerable,13008
2021,2018,EN,Endangered,124919138
2020,2019,EN,Endangered,55568
2004,2004,EN,Endangered,55568
2004,2004,EN,Endangered,57633
2020,2019,EN,Endangered,57634
2004,2004,DD,Data Deficient,57634
2021,2019,EN,Endangered,150087086
2021,2020,EN,Endangered,150087252
2020,2019,EN,Endangered,78520013
2020,2019,EN,Endangered,57645
2004,2004,DD,Data Deficient,57645
2021,2019,EN,Endangered,145401778
2021,2020,EN,Endangered,48101834
2020,2019,EN,Endangered,78520071
2016,2016,EN,Endangered,22727198
2014,2014,EN,Endangered,22727198
2004,2004,EN,Endangered,13032
1996,1996,EN,Endangered,13032
1994,1994,I,Indeterminate,13032
1990,1990,I,Indeterminate,13032
1988,1988,I,Indeterminate,13032
2020,2018,EN,Endangered,13038
2000,2000,VU,Vulnerable,13038
1996,1996,VU,Vulnerable,13038
1994,1994,I,Indeterminate,13038
1990,1990,I,Indeterminate,13038
1988,1988,I,Indeterminate,13038
2021,2020,EN,Endangered,149169562
2021,2021,EN,Endangered,190514782
2010,2008,EN,Endangered,184719
2010,2008,EN,Endangered,184673
2010,2008,EN,Endangered,184670
2021,2019,EN,Endangered,127942641
2004,2004,EN,Endangered,54819
2014,2013,EN,Endangered,20593647
2010,2010,EN,Endangered,40077
2000,2000,VU,Vulnerable,40077
2010,2007,EN,Endangered,184687
2010,2007,EN,Endangered,184502
2010,2007,EN,Endangered,184724
2010,2007,EN,Endangered,184539
2021,2020,EN,Endangered,190552352
2015,2014,EN,Endangered,16393900
2021,2014,EN,Endangered,44978922
2020,2020,EN,Endangered,22723725
2016,2016,EN,Endangered,22723725
2012,2012,EN,Endangered,22723725
2008,2008,EN,Endangered,22723725
2004,2004,EN,Endangered,22723725
2000,2000,EN,Endangered,22723725
1994,1994,LR/nt,Lower Risk/near threatened,22723725
1988,1988,T,Threatened,22723725
2021,2020,EN,Endangered,149171452
2021,2020,EN,Endangered,149172222
2020,2019,EN,Endangered,13057
1996,1996,VU,Vulnerable,13057
1994,1994,R,Rare,13057
2020,2019,EN,Endangered,161082638
2020,2019,EN,Endangered,13058
1996,1996,EN,Endangered,13058
1994,1994,V,Vulnerable,13058
2019,2019,EN,Endangered,13054
1996,1996,VU,Vulnerable,13054
1994,1994,Ex?,Extinct?,13054
1990,1990,V,Vulnerable,13054
1988,1988,V,Vulnerable,13054
2020,2019,EN,Endangered,161096754
2019,2019,EN,Endangered,13062
1996,1996,LR/nt,Lower Risk/near threatened,13062
1994,1994,R,Rare,13062
2020,2019,EN,Endangered,161098633
2020,2019,EN,Endangered,13065
1996,1996,VU,Vulnerable,13065
1994,1994,V,Vulnerable,13065
2020,2019,EN,Endangered,161099125
2020,2019,EN,Endangered,161100359
2020,2019,EN,Endangered,161109572
2020,2019,EN,Endangered,161109855
2020,2019,EN,Endangered,161110853
2020,2019,EN,Endangered,13076
1996,1996,DD,Data Deficient,13076
1994,1994,V,Vulnerable,13076
2020,2019,EN,Endangered,161111293
2019,2019,EN,Endangered,122906035
2014,2014,EN,Endangered,64303119
2015,2015,EN,Endangered,13110
2008,2008,DD,Data Deficient,13110
1996,1996,VU,Vulnerable,13110
1994,1994,K,Insufficiently Known,13110
1990,1990,K,Insufficiently Known,13110
1988,1988,K,Insufficiently Known,13110
2016,2016,EN,Endangered,13114
2008,2008,EN,Endangered,13114
1996,1996,LR/nt,Lower Risk/near threatened,13114
2016,2016,EN,Endangered,136604
2008,2008,EN,Endangered,136604
2016,2016,EN,Endangered,136715
2008,2008,EN,Endangered,136715
2019,2019,EN,Endangered,13120
2008,2008,CR,Critically Endangered,13120
1996,1996,LR/nt,Lower Risk/near threatened,13120
2016,2016,EN,Endangered,136522
2008,2008,EN,Endangered,136522
2016,2016,EN,Endangered,136320
2008,2008,EN,Endangered,136320
2015,2014,EN,Endangered,13145
1996,1996,LR/nt,Lower Risk/near threatened,13145
1994,1994,V,Vulnerable,13145
1990,1990,V,Vulnerable,13145
1988,1988,R,Rare,13145
1986,1986,R,Rare,13145
2010,2009,EN,Endangered,155991
2010,2009,EN,Endangered,155906
2017,2016,EN,Endangered,22680488
2016,2016,EN,Endangered,22680488
2012,2012,EN,Endangered,22680488
2009,2009,EN,Endangered,22680488
2008,2008,EN,Endangered,22680488
2007,2007,EN,Endangered,22680488
2006,2006,EN,Endangered,22680488
2004,2004,EN,Endangered,22680488
2002,2002,EN,Endangered,22680488
2000,2000,VU,Vulnerable,22680488
1996,1996,VU,Vulnerable,22680488
1994,1994,VU,Vulnerable,22680488
1988,1988,T,Threatened,22680488
2013,2011,EN,Endangered,198858
1996,1996,EN,Endangered,13156
1994,1994,V,Vulnerable,13156
2019,2018,EN,Endangered,89250933
2015,2012,EN,Endangered,15522229
2021,2019,EN,Endangered,149115173
2021,2019,EN,Endangered,149115163
2021,2019,EN,Endangered,149167976
2021,2020,EN,Endangered,175922919
2021,2019,EN,Endangered,149168223
2021,2020,EN,Endangered,172768413
2021,2019,EN,Endangered,149168387
2021,2020,EN,Endangered,149167798
2021,2019,EN,Endangered,149167756
2021,2019,EN,Endangered,149167267
2021,2019,EN,Endangered,149165724
2021,2020,EN,Endangered,175942795
2021,2019,EN,Endangered,149165345
2021,2020,EN,Endangered,175944745
2021,2019,EN,Endangered,149165322
2021,2019,EN,Endangered,149165213
2021,2019,EN,Endangered,149165099
2021,2019,EN,Endangered,172768498
2021,2019,EN,Endangered,149165032
2021,2019,EN,Endangered,149164951
2021,2020,EN,Endangered,172768520
2021,2019,EN,Endangered,149170034
2020,2018,EN,Endangered,202045
2016,2015,EN,Endangered,54888
2004,2004,EN,Endangered,54888
2016,2014,EN,Endangered,49254605
2016,2014,EN,Endangered,66899676
2016,2014,EN,Endangered,72765401
2016,2014,EN,Endangered,66899713
2007,2007,EN,Endangered,63714
2018,2018,EN,Endangered,58048491
2019,2017,EN,Endangered,13216
2008,2008,EN,Endangered,13216
1996,1996,CR,Critically Endangered,13216
1994,1994,E,Endangered,13216
1990,1990,E,Endangered,13216
1988,1988,E,Endangered,13216
1986,1986,E,Endangered,13216
1982,1982,E,Endangered,13216
2010,2006,EN,Endangered,169252
2009,2006,EN,Endangered,169252
2000,2000,EN,Endangered,13227
1996,1996,LR/nt,Lower Risk/near threatened,13227
1994,1994,I,Indeterminate,13227
1990,1990,I,Indeterminate,13227
1988,1988,I,Indeterminate,13227
1986,1986,I,Indeterminate,13227
2020,2020,EN,Endangered,41759
2008,2008,DD,Data Deficient,41759
2021,2021,EN,Endangered,189551153
2016,2016,EN,Endangered,22707227
2012,2012,EN,Endangered,22707227
2008,2008,EN,Endangered,22707227
2004,2004,EN,Endangered,22707227
2000,2000,EN,Endangered,22707227
1996,1996,EN,Endangered,22707227
1994,1994,EN,Endangered,22707227
1988,1988,T,Threatened,22707227
2018,2017,EN,Endangered,42840
2010,2007,EN,Endangered,42840
2007,2007,EN,Endangered,42840
2004,2004,EN,Endangered,42840
2021,2019,EN,Endangered,139155285
2016,2016,EN,Endangered,22687993
2012,2012,EN,Endangered,22687993
2008,2008,EN,Endangered,22687993
2004,2004,EN,Endangered,22687993
2000,2000,EN,Endangered,22687993
1996,1996,VU,Vulnerable,22687993
1994,1994,VU,Vulnerable,22687993
1988,1988,T,Threatened,22687993
2016,2016,EN,Endangered,22688018
2012,2012,EN,Endangered,22688018
2008,2008,EN,Endangered,22688018
2006,2006,EN,Endangered,22688018
2004,2004,EN,Endangered,22688018
2000,2000,VU,Vulnerable,22688018
1994,1994,LR/nt,Lower Risk/near threatened,22688018
1988,1988,NT,Near Threatened,22688018
2020,2018,EN,Endangered,139351857
2012,2007,EN,Endangered,199540
2018,2017,EN,Endangered,97170117
2016,2015,EN,Endangered,68427620
2016,2015,EN,Endangered,68427761
1996,1996,EN,Endangered,13290
1994,1994,I,Indeterminate,13290
1990,1990,I,Indeterminate,13290
1988,1988,I,Indeterminate,13290
1986,1986,I,Indeterminate,13290
2020,2019,EN,Endangered,182764
2010,2006,VU,Vulnerable,182764
2020,2019,EN,Endangered,181754
2010,2006,NT,Near Threatened,181754
2009,2007,EN,Endangered,158829
2021,2020,EN,Endangered,166495435
2004,2004,EN,Endangered,58379
2018,2016,EN,Endangered,136468
2010,2009,EN,Endangered,136468
2008,2008,VU,Vulnerable,136468
2021,2019,EN,Endangered,172675
2013,2010,DD,Data Deficient,172675
2014,2012,EN,Endangered,196257
2020,2018,EN,Endangered,136537
2014,2012,EN,Endangered,136537
2008,2008,DD,Data Deficient,136537
2020,2019,EN,Endangered,163313085
2020,2018,EN,Endangered,136458
2014,2012,EN,Endangered,136458
2008,2008,DD,Data Deficient,136458
2021,2020,EN,Endangered,196429436
2020,2018,EN,Endangered,16971425
2014,2012,EN,Endangered,16971425
2020,2018,EN,Endangered,136206
2014,2012,CR,Critically Endangered,136206
2008,2008,DD,Data Deficient,136206
2020,2018,EN,Endangered,16971364
2014,2012,EN,Endangered,16971364
2020,2018,EN,Endangered,136272
2014,2012,EN,Endangered,136272
2008,2008,DD,Data Deficient,136272
2020,2018,EN,Endangered,41572
2014,2012,EN,Endangered,41572
2008,2008,EN,Endangered,41572
2020,2018,EN,Endangered,163314538
2020,2018,EN,Endangered,163024481
2016,2016,EN,Endangered,89299198
2021,2020,EN,Endangered,149166965
2016,2014,EN,Endangered,62015
2015,2014,EN,Endangered,62015
2008,2008,EN,Endangered,62015
2006,2006,EN,Endangered,62015
2016,2014,EN,Endangered,136628
2008,2008,EN,Endangered,136628
2020,2020,EN,Endangered,57883
2004,2004,CR,Critically Endangered,57883
2004,2004,EN,Endangered,57893
2020,2020,EN,Endangered,57895
2004,2004,EN,Endangered,57895
2020,2019,EN,Endangered,57199
2008,2008,VU,Vulnerable,57199
2004,2004,DD,Data Deficient,57199
2020,2019,EN,Endangered,136165
2008,2008,VU,Vulnerable,136165
2020,2019,EN,Endangered,136103
2009,2009,CR,Critically Endangered,136103
2008,2008,VU,Vulnerable,136103
2020,2019,EN,Endangered,57215
2008,2008,VU,Vulnerable,57215
2004,2004,EN,Endangered,57215
2020,2019,EN,Endangered,136104
2010,2008,VU,Vulnerable,136104
2008,2008,VU,Vulnerable,136104
2021,2020,EN,Endangered,13374
1994,1994,I,Indeterminate,13374
1990,1990,I,Indeterminate,13374
1988,1988,I,Indeterminate,13374
1986,1986,I,Indeterminate,13374
2020,2019,EN,Endangered,182815
2010,2006,VU,Vulnerable,182815
2016,2015,EN,Endangered,65403327
2011,2011,EN,Endangered,181058
2016,2016,EN,Endangered,22723224
2012,2012,EN,Endangered,22723224
2008,2008,EN,Endangered,22723224
2004,2004,EN,Endangered,22723224
2000,2000,EN,Endangered,22723224
1996,1996,EN,Endangered,22723224
1994,1994,EN,Endangered,22723224
1988,1988,T,Threatened,22723224
1996,1996,EN,Endangered,13415
2018,2017,EN,Endangered,13449
2008,2008,EN,Endangered,13449
1996,1996,LR/nt,Lower Risk/near threatened,13449
2018,2017,EN,Endangered,42635
2008,2008,EN,Endangered,42635
1996,1996,LR/lc,Lower Risk/least concern,42635
2018,2017,EN,Endangered,97237103
2016,2014,EN,Endangered,56040450
2019,2015,EN,Endangered,56041167
2021,2020,EN,Endangered,153631945
2008,2008,EN,Endangered,134205
2019,2019,EN,Endangered,13524
2008,2008,CR,Critically Endangered,13524
1996,1996,EN,Endangered,13524
2008,2008,EN,Endangered,133466
2014,2008,EN,Endangered,133331
2008,2008,EN,Endangered,133331
2019,2018,EN,Endangered,19736
1996,1996,DD,Data Deficient,19736
1994,1994,R,Rare,19736
1990,1990,R,Rare,19736
1988,1988,R,Rare,19736
1986,1986,R,Rare,19736
2019,2019,EN,Endangered,13555
1996,1996,DD,Data Deficient,13555
1994,1994,R,Rare,13555
2018,2018,EN,Endangered,22711063
2017,2017,EN,Endangered,22711063
2016,2016,CR,Critically Endangered,22711063
2015,2015,CR,Critically Endangered,22711063
2013,2013,CR,Critically Endangered,22711063
2012,2012,CR,Critically Endangered,22711063
2010,2010,CR,Critically Endangered,22711063
2009,2009,CR,Critically Endangered,22711063
2008,2008,CR,Critically Endangered,22711063
2004,2004,EN,Endangered,22711063
2000,2000,EN,Endangered,22711063
1996,1996,EN,Endangered,22711063
1994,1994,EN,Endangered,22711063
1988,1988,LR/lc,Lower Risk/least concern,22711063
2019,2016,EN,Endangered,15597
2008,2008,EN,Endangered,15597
1996,1996,LR/lc,Lower Risk/least concern,15597
2020,2020,EN,Endangered,58271
2016,2004,EN,Endangered,58271
2004,2004,EN,Endangered,58271
2008,2008,EN,Endangered,136049
2016,2004,EN,Endangered,58282
2004,2004,EN,Endangered,58282
2004,2004,EN,Endangered,58388
2021,2018,EN,Endangered,13564
2020,2018,EN,Endangered,13564
2019,2018,EN,Endangered,13564
2008,2008,EN,Endangered,13564
1996,1996,VU,Vulnerable,13564
2020,2020,EN,Endangered,13570
2008,2008,EN,Endangered,13570
1996,1996,EN,Endangered,13570
2016,2016,EN,Endangered,22717059
2008,2008,NR,Not Recognized,22717059
2004,2004,NR,Not Recognized,22717059
2000,2000,NR,Not Recognized,22717059
1994,1994,NR,Not Recognized,22717059
1988,1988,LR/lc,Lower Risk/least concern,22717059
2012,2007,EN,Endangered,199496
2012,2007,EN,Endangered,199497
2012,2007,EN,Endangered,199559
2020,2018,EN,Endangered,13584
2014,2012,EN,Endangered,13584
2008,2008,NT,Near Threatened,13584
2000,2000,VU,Vulnerable,13584
1996,1996,VU,Vulnerable,13584
1994,1994,V,Vulnerable,13584
1990,1990,V,Vulnerable,13584
1988,1988,R,Rare,13584
1986,1986,K,Insufficiently Known,13584
1965,1965,,"""Very rare and believed to be decreasing in numbers""",13584
2016,2015,EN,Endangered,75601781
2014,2012,EN,Endangered,196777
2007,2007,EN,Endangered,64305
2007,2007,EN,Endangered,64340
2004,2004,EN,Endangered,13597
2002,2002,EN,Endangered,13597
1996,1996,EN,Endangered,13597
1994,1994,E,Endangered,13597
2004,2004,EN,Endangered,13598
2002,2002,EN,Endangered,13598
1996,1996,EN,Endangered,13598
1994,1994,K,Insufficiently Known,13598
2021,2017,EN,Endangered,122899301
2020,2019,EN,Endangered,198921
2011,2010,VU,Vulnerable,198921
2020,2020,EN,Endangered,41832
2003,2003,NT,Near Threatened,41832
2019,2018,EN,Endangered,126710128
2020,2020,EN,Endangered,161439
2009,2007,DD,Data Deficient,161439
2019,2018,EN,Endangered,110847130
2019,2018,EN,Endangered,60199
2016,2016,VU,Vulnerable,60199
2006,2006,DD,Data Deficient,60199
2019,2018,EN,Endangered,60200
2016,2016,NT,Near Threatened,60200
2006,2006,NT,Near Threatened,60200
2016,2015,EN,Endangered,13604
2008,2008,EN,Endangered,13604
1996,1996,EN,Endangered,13604
2021,2021,EN,Endangered,189550107
2019,2019,EN,Endangered,122913831
2020,2019,EN,Endangered,161059247
2020,2019,EN,Endangered,161059649
2021,2020,EN,Endangered,13611
1996,1996,LR/lc,Lower Risk/least concern,13611
1994,1994,R,Rare,13611
2021,2020,EN,Endangered,13612
1996,1996,LR/lc,Lower Risk/least concern,13612
1994,1994,R,Rare,13612
2016,2016,EN,Endangered,22705397
2012,2012,EN,Endangered,22705397
2008,2008,EN,Endangered,22705397
2005,2005,EN,Endangered,22705397
2004,2004,VU,Vulnerable,22705397
2000,2000,VU,Vulnerable,22705397
1996,1996,VU,Vulnerable,22705397
1994,1994,VU,Vulnerable,22705397
1988,1988,NT,Near Threatened,22705397
2019,2018,EN,Endangered,120188714
2016,2014,EN,Endangered,13638
2008,2008,VU,Vulnerable,13638
1996,1996,VU,Vulnerable,13638
2011,2011,EN,Endangered,157028
2015,2015,EN,Endangered,13653
2013,2008,CR,Critically Endangered,13653
2008,2008,CR,Critically Endangered,13653
1996,1996,CR,Critically Endangered,13653
1994,1994,E,Endangered,13653
1990,1990,E,Endangered,13653
1988,1988,E,Endangered,13653
1986,1986,E,Endangered,13653
1965,1965,,"""Very rare and believed to be decreasing in numbers""",13653
2019,2018,EN,Endangered,120868935
2021,2019,EN,Endangered,149307802
1996,1996,EN,Endangered,13706
1996,1996,EN,Endangered,13705
1996,1996,EN,Endangered,13707
2011,2011,EN,Endangered,169634
2009,2007,EN,Endangered,169634
2008,2008,EN,Endangered,133134
2008,2008,EN,Endangered,133373
2016,2016,EN,Endangered,103874076
2016,2016,EN,Endangered,103874145
2016,2016,EN,Endangered,22730713
2012,2012,EN,Endangered,22730713
2008,2008,EN,Endangered,22730713
2004,2004,EN,Endangered,22730713
2000,2000,NR,Not Recognized,22730713
1994,1994,NR,Not Recognized,22730713
1988,1988,NR,Not Recognized,22730713
2008,2008,EN,Endangered,133170
2008,2008,EN,Endangered,133361
2009,2008,EN,Endangered,22985
1996,1996,EN,Endangered,22985
1994,1994,R,Rare,22985
2006,2006,EN,Endangered,61445
1996,1996,VU,Vulnerable,61445
1994,1994,I,Indeterminate,61445
1990,1990,I,Indeterminate,61445
1988,1988,I,Indeterminate,61445
2009,2008,EN,Endangered,22992
1996,1996,VU,Vulnerable,22992
1994,1994,E,Endangered,22992
1990,1990,E,Endangered,22992
1988,1988,E,Endangered,22992
1986,1986,E,Endangered,22992
2009,2006,EN,Endangered,168103
2019,2019,EN,Endangered,13851
1996,1996,VU,Vulnerable,13851
1994,1994,K,Insufficiently Known,13851
1990,1990,R,Rare,13851
1988,1988,R,Rare,13851
2021,2018,EN,Endangered,13873
2000,2000,VU,Vulnerable,13873
1996,1996,LR/nt,Lower Risk/near threatened,13873
1994,1994,K,Insufficiently Known,13873
1990,1990,K,Insufficiently Known,13873
1988,1988,K,Insufficiently Known,13873
2021,2018,EN,Endangered,13874
2000,2000,VU,Vulnerable,13874
1996,1996,LR/nt,Lower Risk/near threatened,13874
2017,2016,EN,Endangered,71733227
2020,2019,EN,Endangered,182094
2010,2006,DD,Data Deficient,182094
2019,2018,EN,Endangered,163787
2009,2007,DD,Data Deficient,163787
2020,2019,EN,Endangered,122150545
2021,2020,EN,Endangered,163517
2009,2007,DD,Data Deficient,163517
2016,2013,EN,Endangered,203070
2018,2018,EN,Endangered,22696668
2017,2016,VU,Vulnerable,22696668
2017,2017,EN,Endangered,22696668
2016,2016,VU,Vulnerable,22696668
2012,2012,VU,Vulnerable,22696668
2008,2008,VU,Vulnerable,22696668
2007,2007,VU,Vulnerable,22696668
2004,2004,VU,Vulnerable,22696668
2000,2000,VU,Vulnerable,22696668
1994,1994,LR/nt,Lower Risk/near threatened,22696668
1988,1988,LR/lc,Lower Risk/least concern,22696668
2015,2015,EN,Endangered,136643
2008,2008,EN,Endangered,136643
2015,2015,EN,Endangered,13894
2008,2008,EN,Endangered,13894
1996,1996,LR/nt,Lower Risk/near threatened,13894
2016,2014,EN,Endangered,13895
2008,2008,EN,Endangered,13895
1996,1996,LR/nt,Lower Risk/near threatened,13895
1988,1988,V,Vulnerable,13895
1986,1986,E,Endangered,13895
2015,2014,EN,Endangered,136750
2008,2008,EN,Endangered,136750
2015,2015,EN,Endangered,13896
2008,2008,EN,Endangered,13896
1996,1996,LR/nt,Lower Risk/near threatened,13896
2015,2014,EN,Endangered,13901
2008,2008,EN,Endangered,13901
1996,1996,LR/nt,Lower Risk/near threatened,13901
2014,2007,EN,Endangered,13917
1996,1996,VU,Vulnerable,13917
1994,1994,V,Vulnerable,13917
1990,1990,V,Vulnerable,13917
1988,1988,V,Vulnerable,13917
1986,1986,V,Vulnerable,13917
2013,2012,EN,Endangered,202257
2019,2018,EN,Endangered,13921
1996,1996,VU,Vulnerable,13921
1994,1994,V,Vulnerable,13921
1990,1990,V,Vulnerable,13921
2021,2020,EN,Endangered,162160581
2019,2018,EN,Endangered,13919
1996,1996,VU,Vulnerable,13919
1994,1994,V,Vulnerable,13919
1990,1990,V,Vulnerable,13919
2019,2018,EN,Endangered,21352
1996,1996,VU,Vulnerable,21352
1994,1994,V,Vulnerable,21352
1990,1990,V,Vulnerable,21352
2015,2015,EN,Endangered,13923
2008,2008,VU,Vulnerable,13923
2000,2000,EN,Endangered,13923
1996,1996,VU,Vulnerable,13923
1994,1994,V,Vulnerable,13923
1990,1990,V,Vulnerable,13923
1988,1988,V,Vulnerable,13923
2020,2018,EN,Endangered,84562293
2019,2018,EN,Endangered,29485
2008,2008,EN,Endangered,29485
2000,2000,DD,Data Deficient,29485
2019,2018,EN,Endangered,13960
2008,2008,EN,Endangered,13960
2000,2000,EN,Endangered,13960
1996,1996,EN,Endangered,13960
2019,2018,EN,Endangered,13961
2008,2008,EN,Endangered,13961
1996,1996,LR/lc,Lower Risk/least concern,13961
2015,2015,EN,Endangered,14020
2008,2008,EN,Endangered,14020
1996,1996,EW,Extinct in the Wild,14020
1994,1994,E,Endangered,14020
1990,1990,E,Endangered,14020
1988,1988,E,Endangered,14020
1986,1986,E,Endangered,14020
1982,1982,E,Endangered,14020
1965,1965,,"""Very rare and believed to be decreasing in numbers""",14020
2020,2019,EN,Endangered,161715
2009,2007,DD,Data Deficient,161715
2020,2019,EN,Endangered,60204
2006,2006,LC,Least Concern,60204
2020,2020,EN,Endangered,161633
2009,2007,DD,Data Deficient,161633
2020,2020,EN,Endangered,60205
2006,2006,DD,Data Deficient,60205
2021,2020,EN,Endangered,39358
2009,2004,VU,Vulnerable,39358
2000,2000,LR/lc,Lower Risk/least concern,39358
2020,2019,EN,Endangered,165407
2010,2006,VU,Vulnerable,165407
2009,2006,VU,Vulnerable,165407
2020,2019,EN,Endangered,184522
2010,2009,LC,Least Concern,184522
2010,2008,EN,Endangered,184608
2021,2020,EN,Endangered,149163644
2020,2016,EN,Endangered,86883967
2017,2016,EN,Endangered,86883967
2016,2016,EN,Endangered,22697651
2013,2013,EN,Endangered,22697651
2012,2012,VU,Vulnerable,22697651
2008,2008,VU,Vulnerable,22697651
2006,2006,VU,Vulnerable,22697651
2004,2004,VU,Vulnerable,22697651
2000,2000,VU,Vulnerable,22697651
1996,1996,VU,Vulnerable,22697651
1994,1994,VU,Vulnerable,22697651
1988,1988,T,Threatened,22697651
2018,2016,EN,Endangered,14049
2008,2008,EN,Endangered,14049
2007,2007,EN,Endangered,14049
1996,1996,VU,Vulnerable,14049
2019,2017,EN,Endangered,136169
2008,2008,LC,Least Concern,136169
2021,2020,EN,Endangered,22721919
2019,2019,EN,Endangered,22721919
2016,2016,EN,Endangered,22721919
2012,2012,EN,Endangered,22721919
2008,2008,EN,Endangered,22721919
2004,2004,EN,Endangered,22721919
2000,2000,EN,Endangered,22721919
1996,1996,CR,Critically Endangered,22721919
1994,1994,CR,Critically Endangered,22721919
1988,1988,T,Threatened,22721919
2018,2018,EN,Endangered,22699992
2016,2016,EN,Endangered,22699992
2012,2012,EN,Endangered,22699992
2008,2008,EN,Endangered,22699992
2004,2004,EN,Endangered,22699992
2000,2000,EN,Endangered,22699992
1996,1996,VU,Vulnerable,22699992
1994,1994,VU,Vulnerable,22699992
1988,1988,NT,Near Threatened,22699992
2021,2020,EN,Endangered,176005037
2016,2016,EN,Endangered,14097
2008,2008,EN,Endangered,14097
2004,2004,EN,Endangered,14097
2000,2000,EN,Endangered,14097
1996,1996,VU,Vulnerable,14097
1994,1994,V,Vulnerable,14097
2016,2016,EN,Endangered,22708292
2012,2012,EN,Endangered,22708292
2008,2008,EN,Endangered,22708292
2006,2006,EN,Endangered,22708292
2004,2004,EN,Endangered,22708292
2000,2000,EN,Endangered,22708292
1996,1996,EN,Endangered,22708292
1994,1994,EN,Endangered,22708292
1988,1988,T,Threatened,22708292
2021,2019,EN,Endangered,14111
2008,2008,EN,Endangered,14111
2004,2004,VU,Vulnerable,14111
1996,1996,VU,Vulnerable,14111
2016,2016,EN,Endangered,14107
2008,2008,EN,Endangered,14107
2004,2004,DD,Data Deficient,14107
1996,1996,EN,Endangered,14107
1994,1994,K,Insufficiently Known,14107
1990,1990,K,Insufficiently Known,14107
2016,2013,EN,Endangered,45954382
2019,2016,EN,Endangered,45047
2008,2008,EN,Endangered,45047
2004,2004,EN,Endangered,45047
2020,2015,EN,Endangered,14108
2008,2008,VU,Vulnerable,14108
2004,2004,VU,Vulnerable,14108
1996,1996,VU,Vulnerable,14108
1994,1994,K,Insufficiently Known,14108
1990,1990,K,Insufficiently Known,14108
1988,1988,R,Rare,14108
2016,2016,EN,Endangered,14113
2008,2008,EN,Endangered,14113
2004,2004,CR,Critically Endangered,14113
1996,1996,CR,Critically Endangered,14113
2021,2016,EN,Endangered,110662121
2016,2014,EN,Endangered,14143
2008,2008,NT,Near Threatened,14143
1996,1996,VU,Vulnerable,14143
2016,2015,EN,Endangered,14159
2008,2008,EN,Endangered,14159
1996,1996,EN,Endangered,14159
2018,2018,EN,Endangered,14172
2008,2008,LC,Least Concern,14172
1996,1996,LR/lc,Lower Risk/least concern,14172
2021,2018,EN,Endangered,14176
2018,2018,EN,Endangered,14176
2008,2008,LC,Least Concern,14176
1996,1996,LR/lc,Lower Risk/least concern,14176
2016,2015,EN,Endangered,14189
2008,2008,EN,Endangered,14189
2000,2000,VU,Vulnerable,14189
1996,1996,VU,Vulnerable,14189
2016,2015,EN,Endangered,14191
2008,2008,EN,Endangered,14191
2000,2000,CR,Critically Endangered,14191
1996,1996,EX,Extinct,14191
2019,2018,EN,Endangered,14192
2008,2008,EN,Endangered,14192
1996,1996,EN,Endangered,14192
2016,2015,EN,Endangered,14222
2008,2008,EN,Endangered,14222
1996,1996,VU,Vulnerable,14222
1994,1994,E,Endangered,14222
1990,1990,E,Endangered,14222
1988,1988,E,Endangered,14222
1986,1986,E,Endangered,14222
1982,1982,E,Endangered,14222
1965,1965,,"""Status inadequately known-survey required or data sought""",14222
2018,2018,EN,Endangered,22701795
2016,2016,EN,Endangered,22701795
2012,2012,EN,Endangered,22701795
2008,2008,EN,Endangered,22701795
2004,2004,EN,Endangered,22701795
2000,2000,EN,Endangered,22701795
1996,1996,VU,Vulnerable,22701795
1994,1994,VU,Vulnerable,22701795
1988,1988,T,Threatened,22701795
2019,2019,EN,Endangered,196109
1996,1996,EN,Endangered,40758
1994,1994,V,Vulnerable,40758
2011,2009,EN,Endangered,196066
2014,2013,EN,Endangered,172530
2021,2019,EN,Endangered,133837440
2021,2019,EN,Endangered,202848
2018,2015,EN,Endangered,88035265
2021,2020,EN,Endangered,125987809
2017,2016,EN,Endangered,51187225
2018,2017,EN,Endangered,109480565
2019,2019,EN,Endangered,14320
1996,1996,DD,Data Deficient,14320
1994,1994,R,Rare,14320
2010,2009,EN,Endangered,182033
2019,2019,EN,Endangered,39301
1996,1996,VU,Vulnerable,39301
1994,1994,V,Vulnerable,39301
2019,2019,EN,Endangered,14321
1996,1996,EN,Endangered,14321
1994,1994,V,Vulnerable,14321
2019,2019,EN,Endangered,122906197
2019,2019,EN,Endangered,14322
1996,1996,VU,Vulnerable,14322
1994,1994,V,Vulnerable,14322
2018,2017,EN,Endangered,54616
2004,2004,VU,Vulnerable,54616
2020,2020,EN,Endangered,58391
2008,2008,CR,Critically Endangered,58391
2004,2004,CR,Critically Endangered,58391
2020,2020,EN,Endangered,135839
2008,2008,EN,Endangered,135839
2021,2017,EN,Endangered,122899622
2021,2017,EN,Endangered,176146
2011,2010,EN,Endangered,176146
2021,2017,EN,Endangered,176176
2011,2010,EN,Endangered,176176
2021,2017,EN,Endangered,176169
2011,2010,EN,Endangered,176169
2021,2017,EN,Endangered,176142
2010,2009,EN,Endangered,176142
2010,2009,EN,Endangered,182825
2010,2009,EN,Endangered,182295
2021,2021,EN,Endangered,189551007
2017,2015,EN,Endangered,73728100
2020,2019,EN,Endangered,58431
2004,2004,DD,Data Deficient,58431
2004,2004,EN,Endangered,58445
2016,1996,EN,Endangered,13912
1996,1996,EN,Endangered,13912
1994,1994,E,Endangered,13912
2014,2012,EN,Endangered,196482
2011,2010,EN,Endangered,157072
2011,2011,EN,Endangered,157073
2011,2010,EN,Endangered,14336
1996,1996,LR/cd,Lower Risk/conservation dependent,14336
1994,1994,R,Rare,14336
1990,1990,R,Rare,14336
2018,2017,EN,Endangered,65590517
2016,2016,EN,Endangered,22734528
2012,2012,EN,Endangered,22734528
2011,2011,EN,Endangered,22734528
2009,2009,LC,Least Concern,22734528
2008,2008,LC,Least Concern,22734528
2004,2004,NR,Not Recognized,22734528
2000,2000,NR,Not Recognized,22734528
1994,1994,NR,Not Recognized,22734528
1988,1988,NR,Not Recognized,22734528
2021,2020,EN,Endangered,161545
2009,2007,DD,Data Deficient,161545
2010,2010,EN,Endangered,155958
2018,2017,EN,Endangered,67600030
2020,2015,EN,Endangered,14352
2008,2008,EN,Endangered,14352
2000,2000,EN,Endangered,14352
1996,1996,VU,Vulnerable,14352
1994,1994,V,Vulnerable,14352
1990,1990,V,Vulnerable,14352
1988,1988,V,Vulnerable,14352
1986,1986,V,Vulnerable,14352
2004,2004,EN,Endangered,58051
2020,2019,EN,Endangered,161355
2009,2008,DD,Data Deficient,161355
2016,2015,EN,Endangered,72261777
2020,2019,EN,Endangered,145400860
2016,2016,EN,Endangered,58076
2012,2010,EN,Endangered,58076
2004,2004,EN,Endangered,58076
2019,2018,EN,Endangered,177826
2010,2009,NT,Near Threatened,177826
2019,2018,EN,Endangered,177827
2010,2009,DD,Data Deficient,177827
2019,2018,EN,Endangered,14378
1996,1996,LR/lc,Lower Risk/least concern,14378
1994,1994,K,Insufficiently Known,14378
2018,2018,EN,Endangered,134323
2008,2008,VU,Vulnerable,134323
2015,2014,EN,Endangered,1087
2008,2008,EN,Endangered,1087
2006,2006,EN,Endangered,1087
1996,1996,VU,Vulnerable,1087
1994,1994,I,Indeterminate,1087
1990,1990,I,Indeterminate,1087
1988,1988,K,Insufficiently Known,1087
2015,2014,EN,Endangered,1089
2008,2008,VU,Vulnerable,1089
2006,2006,EN,Endangered,1089
1996,1996,CR,Critically Endangered,1089
1994,1994,I,Indeterminate,1089
1990,1990,I,Indeterminate,1089
1988,1988,R,Rare,1089
1986,1986,R,Rare,1089
2016,2015,EN,Endangered,54838
2004,2004,EN,Endangered,54838
2015,2014,EN,Endangered,54841
2004,2004,EN,Endangered,54841
2015,2014,EN,Endangered,54845
2004,2004,EN,Endangered,54845
2004,2004,EN,Endangered,59430
2021,2020,EN,Endangered,41836
2003,2003,VU,Vulnerable,41836
2003,2003,EN,Endangered,42834
2018,2017,EN,Endangered,65546916
2018,2017,EN,Endangered,67599909
2019,2017,EN,Endangered,14486
2008,2008,EN,Endangered,14486
1996,1996,LR/lc,Lower Risk/least concern,14486
2006,2006,EN,Endangered,61368
2006,2006,EN,Endangered,60842
2011,2011,EN,Endangered,169672
2009,2007,NT,Near Threatened,169672
2011,2010,EN,Endangered,172346
2006,2006,EN,Endangered,61383
2011,2010,EN,Endangered,172319
1996,1996,EN,Endangered,14498
1994,1994,I,Indeterminate,14498
1990,1990,I,Indeterminate,14498
1988,1988,I,Indeterminate,14498
1986,1986,I,Indeterminate,14498
1983,1983,I,Indeterminate,14498
2019,2018,EN,Endangered,107435672
2021,2021,EN,Endangered,149171185
2021,2021,EN,Endangered,149165245
2019,2019,EN,Endangered,122899816
2014,2014,EN,Endangered,14507
2009,2007,VU,Vulnerable,14507
1996,1996,LR/nt,Lower Risk/near threatened,14507
2019,2019,EN,Endangered,122904064
2014,2014,EN,Endangered,14506
1996,1996,DD,Data Deficient,14506
1994,1994,R,Rare,14506
1990,1990,I,Indeterminate,14506
1988,1988,I,Indeterminate,14506
1986,1986,I,Indeterminate,14506
2021,2019,EN,Endangered,139165994
2021,2020,EN,Endangered,119975111
2018,2015,EN,Endangered,184300
2010,2008,DD,Data Deficient,184300
2008,2008,EN,Endangered,136945
2008,2008,EN,Endangered,136866
2016,2015,EN,Endangered,10588
2008,2008,EN,Endangered,10588
1996,1996,EN,Endangered,10588
2020,2019,EN,Endangered,181844
2010,2006,EN,Endangered,181844
2010,2009,EN,Endangered,181736
2020,2019,EN,Endangered,183014
2010,2006,CR,Critically Endangered,183014
2018,2017,EN,Endangered,97239466
2016,2014,EN,Endangered,47251685
2019,2016,EN,Endangered,741
2016,2008,VU,Vulnerable,741
2008,2008,VU,Vulnerable,741
1996,1996,LR/lc,Lower Risk/least concern,741
2015,2014,EN,Endangered,13654
2008,2008,CR,Critically Endangered,13654
1996,1996,EN,Endangered,13654
1994,1994,E,Endangered,13654
1990,1990,E,Endangered,13654
1988,1988,E,Endangered,13654
1986,1986,E,Endangered,13654
1982,1982,E,Endangered,13654
1965,1965,,"""Very rare but believed to be stable or increasing""",13654
2016,2016,EN,Endangered,22684473
2012,2012,EN,Endangered,22684473
2009,2009,EN,Endangered,22684473
2008,2008,VU,Vulnerable,22684473
2004,2004,VU,Vulnerable,22684473
2000,2000,VU,Vulnerable,22684473
1996,1996,EN,Endangered,22684473
1994,1994,EN,Endangered,22684473
1988,1988,T,Threatened,22684473
2015,2014,EN,Endangered,14549
2008,2008,EN,Endangered,14549
1996,1996,LR/lc,Lower Risk/least concern,14549
1994,1994,R,Rare,14549
2017,2017,EN,Endangered,41754
2012,2011,VU,Vulnerable,41754
2011,2011,VU,Vulnerable,41754
2021,2021,EN,Endangered,22695180
2019,2019,EN,Endangered,22695180
2016,2016,EN,Endangered,22695180
2014,2014,EN,Endangered,22695180
2012,2012,EN,Endangered,22695180
2008,2008,EN,Endangered,22695180
2007,2007,EN,Endangered,22695180
2004,2004,LC,Least Concern,22695180
2000,2000,LR/lc,Lower Risk/least concern,22695180
1994,1994,LR/lc,Lower Risk/least concern,22695180
1988,1988,LR/lc,Lower Risk/least concern,22695180
2012,2010,EN,Endangered,188319
2016,2016,EN,Endangered,14560
2008,2008,EN,Endangered,14560
1996,1996,VU,Vulnerable,14560
1994,1994,R,Rare,14560
2017,2016,EN,Endangered,67359375
2019,2017,EN,Endangered,14562
2018,1996,VU,Vulnerable,14562
1996,1996,VU,Vulnerable,14562
1994,1994,E,Endangered,14562
2019,2019,EN,Endangered,122900149
2020,2019,EN,Endangered,90985462
2021,2020,EN,Endangered,169507
2009,2007,EN,Endangered,169507
2016,2016,EN,Endangered,21355
2008,2008,EN,Endangered,21355
2000,2000,VU,Vulnerable,21355
1996,1996,VU,Vulnerable,21355
2016,2016,EN,Endangered,22691910
2012,2012,EN,Endangered,22691910
2010,2010,EN,Endangered,22691910
2009,2009,LC,Least Concern,22691910
2008,2008,LC,Least Concern,22691910
2004,2004,LC,Least Concern,22691910
2000,2000,LR/lc,Lower Risk/least concern,22691910
1994,1994,LR/lc,Lower Risk/least concern,22691910
1988,1988,LR/lc,Lower Risk/least concern,22691910
2019,2018,EN,Endangered,191713
2017,2016,EN,Endangered,80274227
2017,2016,EN,Endangered,80274377
2016,2016,EN,Endangered,91352851
2021,2021,EN,Endangered,22714620
2016,2016,LC,Least Concern,22714620
2012,2012,LC,Least Concern,22714620
2009,2009,LC,Least Concern,22714620
2008,2008,LC,Least Concern,22714620
2004,2004,LC,Least Concern,22714620
2000,2000,LR/lc,Lower Risk/least concern,22714620
1994,1994,LR/nt,Lower Risk/near threatened,22714620
1988,1988,NT,Near Threatened,22714620
2020,2019,EN,Endangered,83127554
2020,2016,EN,Endangered,59748
2017,2016,EN,Endangered,59748
2006,2006,DD,Data Deficient,59748
2018,2018,EN,Endangered,22698471
2016,2016,EN,Endangered,22698471
2012,2012,EN,Endangered,22698471
2010,2010,EN,Endangered,22698471
2008,2008,VU,Vulnerable,22698471
2007,2007,VU,Vulnerable,22698471
2006,2006,VU,Vulnerable,22698471
2004,2004,VU,Vulnerable,22698471
2000,2000,VU,Vulnerable,22698471
1994,1994,LR/lc,Lower Risk/least concern,22698471
1988,1988,LR/lc,Lower Risk/least concern,22698471
2021,2021,EN,Endangered,14660
2008,2008,EN,Endangered,14660
1996,1996,LR/nt,Lower Risk/near threatened,14660
2019,2018,EN,Endangered,41209
2008,2008,DD,Data Deficient,41209
2002,2002,DD,Data Deficient,41209
2020,2016,EN,Endangered,59749
2017,2016,EN,Endangered,59749
2009,2008,DD,Data Deficient,59749
2006,2006,DD,Data Deficient,59749
2016,2016,EN,Endangered,136330
2008,2008,EN,Endangered,136330
2020,2020,EN,Endangered,22724163
2016,2016,EN,Endangered,22724163
2013,2013,EN,Endangered,22724163
2012,2012,EN,Endangered,22724163
2008,2008,EN,Endangered,22724163
2004,2004,EN,Endangered,22724163
2000,2000,EN,Endangered,22724163
1994,1994,LR/nt,Lower Risk/near threatened,22724163
1988,1988,NT,Near Threatened,22724163
2019,2018,EN,Endangered,55524
2004,2004,LC,Least Concern,55524
2016,2016,EN,Endangered,20757
2008,2008,EN,Endangered,20757
1996,1996,LR/lc,Lower Risk/least concern,20757
2021,2019,EN,Endangered,197207
2021,2019,EN,Endangered,197204
2021,2019,EN,Endangered,197203
2021,2019,EN,Endangered,197201
2016,2016,EN,Endangered,22684840
2013,2013,EN,Endangered,22684840
2012,2012,EN,Endangered,22684840
2008,2008,EN,Endangered,22684840
2005,2005,EN,Endangered,22684840
2004,2004,VU,Vulnerable,22684840
2000,2000,VU,Vulnerable,22684840
1996,1996,VU,Vulnerable,22684840
1994,1994,VU,Vulnerable,22684840
1988,1988,NT,Near Threatened,22684840
2017,2017,EN,Endangered,22684831
2016,2016,VU,Vulnerable,22684831
2012,2012,VU,Vulnerable,22684831
2008,2008,VU,Vulnerable,22684831
2006,2006,VU,Vulnerable,22684831
2004,2004,VU,Vulnerable,22684831
2000,2000,VU,Vulnerable,22684831
1994,1994,LR/nt,Lower Risk/near threatened,22684831
1988,1988,LR/lc,Lower Risk/least concern,22684831
1996,1996,EN,Endangered,14747
1996,1996,EN,Endangered,14748
1996,1996,EN,Endangered,14749
1996,1996,EN,Endangered,14750
1996,1996,EN,Endangered,14751
1996,1996,EN,Endangered,14752
2017,2016,EN,Endangered,57198
2004,2004,CR,Critically Endangered,57198
2018,2018,EN,Endangered,56430
2004,2004,DD,Data Deficient,56430
2019,2016,EN,Endangered,57203
2004,2004,EN,Endangered,57203
2018,2018,EN,Endangered,57217
2004,2004,CR,Critically Endangered,57217
2021,2020,EN,Endangered,81658784
2008,2008,EN,Endangered,9917
2000,2000,EN,Endangered,9917
1996,1996,EN,Endangered,9917
1994,1994,V,Vulnerable,9917
1990,1990,V,Vulnerable,9917
1988,1988,V,Vulnerable,9917
1986,1986,V,Vulnerable,9917
1965,1965,,"""Less rare but believed to be threatened-requires watching""",9917
2021,2018,EN,Endangered,39618
2000,2000,VU,Vulnerable,39618
2021,2018,EN,Endangered,39619
2000,2000,VU,Vulnerable,39619
2020,2020,EN,Endangered,182280
2010,2006,VU,Vulnerable,182280
2016,2014,EN,Endangered,47944270
2016,2016,EN,Endangered,22725512
2014,2014,EN,Endangered,22725512
2017,2016,EN,Endangered,22725505
2016,2016,EN,Endangered,22725505
2014,2014,EN,Endangered,22725505
2017,2017,EN,Endangered,22725493
2016,2016,VU,Vulnerable,22725493
2014,2014,VU,Vulnerable,22725493
2017,2017,EN,Endangered,22730062
2016,2016,NT,Near Threatened,22730062
2012,2012,NT,Near Threatened,22730062
2008,2008,NT,Near Threatened,22730062
2004,2004,NT,Near Threatened,22730062
2000,2000,NR,Not Recognized,22730062
1994,1994,NR,Not Recognized,22730062
1988,1988,NR,Not Recognized,22730062
1996,1996,EN,Endangered,14796
2018,2018,EN,Endangered,22697548
2017,2016,EN,Endangered,22697548
2016,2016,EN,Endangered,22697548
2013,2013,EN,Endangered,22697548
2012,2012,EN,Endangered,22697548
2008,2008,EN,Endangered,22697548
2006,2006,EN,Endangered,22697548
2004,2004,EN,Endangered,22697548
2000,2000,EN,Endangered,22697548
1996,1996,CR,Critically Endangered,22697548
1994,1994,CR,Critically Endangered,22697548
1988,1988,T,Threatened,22697548
1996,1996,EN,Endangered,14808
1994,1994,V,Vulnerable,14808
2017,2016,EN,Endangered,22696165
2016,2016,EN,Endangered,22696165
2012,2012,EN,Endangered,22696165
2008,2008,EN,Endangered,22696165
2004,2004,EN,Endangered,22696165
2000,2000,EN,Endangered,22696165
1996,1996,EN,Endangered,22696165
1994,1994,EN,Endangered,22696165
1988,1988,T,Threatened,22696165
2016,2016,EN,Endangered,45015567
2014,2014,EN,Endangered,45015567
2016,2016,EN,Endangered,22734083
2014,2014,EN,Endangered,22734083
2008,2008,NR,Not Recognized,22734083
2006,2006,NR,Not Recognized,22734083
2004,2004,NR,Not Recognized,22734083
2000,2000,NR,Not Recognized,22734083
1994,1994,NR,Not Recognized,22734083
1988,1988,NR,Not Recognized,22734083
2016,2016,EN,Endangered,14821
2008,2008,DD,Data Deficient,14821
1996,1996,LR/nt,Lower Risk/near threatened,14821
2018,2017,EN,Endangered,57234
2013,2013,DD,Data Deficient,57234
2004,2004,DD,Data Deficient,57234
2019,2016,EN,Endangered,78521184
2012,2007,EN,Endangered,199508
2020,2015,EN,Endangered,120659170
2020,2015,EN,Endangered,128073282
2019,2019,EN,Endangered,40693
1996,1996,DD,Data Deficient,40693
1994,1994,R,Rare,40693
1990,1990,R,Rare,40693
2020,2020,EN,Endangered,90981948
2021,2020,EN,Endangered,127933323
2020,2020,EN,Endangered,90982022
2017,2016,EN,Endangered,163583
2009,2007,EN,Endangered,163583
1996,1996,EN,Endangered,190224
2019,2018,EN,Endangered,61268
2006,2006,VU,Vulnerable,61268
2019,2018,EN,Endangered,131470411
2019,2018,EN,Endangered,131470504
2021,2020,EN,Endangered,158619800
2019,2018,EN,Endangered,131470757
2019,2018,EN,Endangered,61284
2006,2006,LC,Least Concern,61284
2019,2014,EN,Endangered,53888132
2019,2018,EN,Endangered,131470835
2019,2018,EN,Endangered,60432
2006,2006,VU,Vulnerable,60432
2019,2018,EN,Endangered,60308
2006,2006,VU,Vulnerable,60308
2021,2020,EN,Endangered,158619819
2019,2018,EN,Endangered,60336
2006,2006,VU,Vulnerable,60336
2019,2019,EN,Endangered,131470925
2021,2020,EN,Endangered,175184932
2019,2014,EN,Endangered,53904378
2019,2019,EN,Endangered,181798
2010,2009,EN,Endangered,181798
2019,2019,EN,Endangered,141974769
2019,2019,EN,Endangered,88026479
2016,2016,EN,Endangered,88026479
2019,2019,EN,Endangered,131471838
2019,2019,EN,Endangered,169416
2010,2009,EN,Endangered,169416
2009,2007,LC,Least Concern,169416
2019,2019,EN,Endangered,147371744
2019,2019,EN,Endangered,113770902
2019,2019,EN,Endangered,113770157
2019,2019,EN,Endangered,149286395
2019,2019,EN,Endangered,149286315
2017,2017,EN,Endangered,103898667
2020,2019,EN,Endangered,182435
2010,2006,EN,Endangered,182435
2010,2006,EN,Endangered,60267
2006,2006,EN,Endangered,60267
2016,2015,EN,Endangered,59938
2006,2006,EN,Endangered,59938
2010,2006,EN,Endangered,60268
2006,2006,EN,Endangered,60268
2016,2015,EN,Endangered,14862
2008,2008,EN,Endangered,14862
1996,1996,LR/nt,Lower Risk/near threatened,14862
1994,1994,K,Insufficiently Known,14862
1990,1990,K,Insufficiently Known,14862
1988,1988,K,Insufficiently Known,14862
1986,1986,K,Insufficiently Known,14862
1982,1982,K,Insufficiently Known,14862
1996,1996,EN,Endangered,14871
2008,2008,EN,Endangered,59452
2004,2004,EN,Endangered,59452
2019,2018,EN,Endangered,136519
2008,2008,VU,Vulnerable,136519
2020,2019,EN,Endangered,149844113
2020,2019,EN,Endangered,29426
2014,2014,EN,Endangered,29426
2008,2008,CR,Critically Endangered,29426
2004,2004,CR,Critically Endangered,29426
2019,2019,EN,Endangered,59296
2008,2008,CR,Critically Endangered,59296
2004,2004,CR,Critically Endangered,59296
2019,2019,EN,Endangered,59297
2008,2008,EN,Endangered,59297
2004,2004,EN,Endangered,59297
2020,2019,EN,Endangered,59298
2008,2008,CR,Critically Endangered,59298
2004,2004,CR,Critically Endangered,59298
2013,2012,EN,Endangered,202279
2019,2018,EN,Endangered,191271
2013,2012,EN,Endangered,14884
1996,1996,CR,Critically Endangered,14884
1994,1994,E,Endangered,14884
1990,1990,E,Endangered,14884
2019,2018,EN,Endangered,191286
2013,2012,EN,Endangered,14888
1996,1996,CR,Critically Endangered,14888
1994,1994,E,Endangered,14888
1990,1990,E,Endangered,14888
1988,1988,V,Vulnerable,14888
1986,1986,V,Vulnerable,14888
2019,2018,EN,Endangered,14896
2014,2012,EN,Endangered,14896
1996,1996,EN,Endangered,14896
1994,1994,E,Endangered,14896
1990,1990,E,Endangered,14896
1988,1988,E,Endangered,14896
1986,1986,E,Endangered,14896
2013,2012,EN,Endangered,202686
2013,2012,EN,Endangered,14902
1996,1996,VU,Vulnerable,14902
1994,1994,V,Vulnerable,14902
1990,1990,V,Vulnerable,14902
1988,1988,V,Vulnerable,14902
1986,1986,V,Vulnerable,14902
2013,2012,EN,Endangered,14903
2010,2007,EN,Endangered,14903
1996,1996,VU,Vulnerable,14903
1994,1994,V,Vulnerable,14903
1990,1990,V,Vulnerable,14903
1988,1988,E,Endangered,14903
1986,1986,E,Endangered,14903
2013,2012,EN,Endangered,14906
1996,1996,VU,Vulnerable,14906
1994,1994,E,Endangered,14906
1990,1990,E,Endangered,14906
1988,1988,R,Rare,14906
1986,1986,R,Rare,14906
2013,2012,EN,Endangered,14907
1996,1996,VU,Vulnerable,14907
1994,1994,V,Vulnerable,14907
1990,1990,V,Vulnerable,14907
1988,1988,R,Rare,14907
1986,1986,R,Rare,14907
2016,2016,EN,Endangered,22693199
2015,2015,EN,Endangered,22693199
2012,2012,VU,Vulnerable,22693199
2010,2010,VU,Vulnerable,22693199
2009,2009,LC,Least Concern,22693199
2008,2008,LC,Least Concern,22693199
2004,2004,LC,Least Concern,22693199
2000,2000,LR/nt,Lower Risk/near threatened,22693199
1994,1994,LR/nt,Lower Risk/near threatened,22693199
1988,1988,LR/lc,Lower Risk/least concern,22693199
2021,2021,EN,Endangered,189553846
2018,2018,EN,Endangered,60859
2006,2006,VU,Vulnerable,60859
2020,2018,EN,Endangered,136765
2008,2008,VU,Vulnerable,136765
2004,2004,EN,Endangered,58395
2004,2004,EN,Endangered,58396
2004,2004,EN,Endangered,58399
2004,2004,EN,Endangered,58402
2004,2004,EN,Endangered,58403
2004,2004,EN,Endangered,58405
2020,2015,EN,Endangered,39758
2008,2008,VU,Vulnerable,39758
2000,2000,DD,Data Deficient,39758
2020,2015,EN,Endangered,163017685
2021,2021,EN,Endangered,163029192
2020,2015,EN,Endangered,163019804
2021,2015,EN,Endangered,14941
2020,2015,EN,Endangered,14941
2008,2008,VU,Vulnerable,14941
2000,2000,VU,Vulnerable,14941
1996,1996,VU,Vulnerable,14941
1994,1994,V,Vulnerable,14941
1990,1990,V,Vulnerable,14941
1988,1988,V,Vulnerable,14941
2020,2019,EN,Endangered,14953
2008,2008,EN,Endangered,14953
1996,1996,CR,Critically Endangered,14953
1994,1994,E,Endangered,14953
1990,1990,E,Endangered,14953
1988,1988,E,Endangered,14953
2020,2019,EN,Endangered,54948
2004,2004,VU,Vulnerable,54948
2020,2019,EN,Endangered,54949
2004,2004,LC,Least Concern,54949
2019,2018,EN,Endangered,125188592
2019,2019,EN,Endangered,54955
2004,2004,DD,Data Deficient,54955
2017,2016,EN,Endangered,54967
2004,2004,EN,Endangered,54967
2019,2018,EN,Endangered,54968
2004,2004,DD,Data Deficient,54968
2004,2004,EN,Endangered,54969
2018,2018,EN,Endangered,54979
2004,2004,DD,Data Deficient,54979
2020,2019,EN,Endangered,54980
2004,2004,DD,Data Deficient,54980
2011,2010,EN,Endangered,156713
2017,2015,EN,Endangered,15024
1996,1996,LR/nt,Lower Risk/near threatened,15024
1996,1996,EN,Endangered,15029
1994,1994,E,Endangered,15029
2016,2016,EN,Endangered,41986
2008,2008,CR,Critically Endangered,41986
1996,1996,CR,Critically Endangered,41986
1994,1994,V,Vulnerable,41986
2016,2016,EN,Endangered,40800
2008,2008,EN,Endangered,40800
1996,1996,VU,Vulnerable,40800
2019,2018,EN,Endangered,15050
2008,2008,EN,Endangered,15050
1996,1996,VU,Vulnerable,15050
1994,1994,I,Indeterminate,15050
2019,2018,EN,Endangered,15046
2008,2008,EN,Endangered,15046
1996,1996,EN,Endangered,15046
1994,1994,V,Vulnerable,15046
1990,1990,V,Vulnerable,15046
2016,2015,EN,Endangered,16084440
2013,2013,EN,Endangered,16084440
2016,2015,EN,Endangered,16084553
2017,2016,EN,Endangered,103185896
2017,2016,EN,Endangered,103185930
2014,2014,EN,Endangered,64004480
2019,2016,EN,Endangered,89113816
2021,2020,EN,Endangered,58541
2004,2004,EN,Endangered,58541
2020,2019,EN,Endangered,58544
2004,2004,DD,Data Deficient,58544
2021,2017,EN,Endangered,61868
2006,2006,DD,Data Deficient,61868
2020,2019,EN,Endangered,78521671
2021,2020,EN,Endangered,54308994
2015,2014,EN,Endangered,54308994
2021,2020,EN,Endangered,58675
2004,2004,EN,Endangered,58675
2021,2020,EN,Endangered,54314436
2015,2014,EN,Endangered,54314436
2021,2020,EN,Endangered,58726
2004,2004,EN,Endangered,58726
2021,2020,EN,Endangered,58743
2004,2004,EN,Endangered,58743
2015,2015,EN,Endangered,48101417
1996,1996,EN,Endangered,15129
1994,1994,I,Indeterminate,15129
1990,1990,I,Indeterminate,15129
1988,1988,I,Indeterminate,15129
1986,1986,I,Indeterminate,15129
2020,2019,EN,Endangered,59308
2008,2008,EN,Endangered,59308
2004,2004,EN,Endangered,59308
2020,2019,EN,Endangered,55775066
2020,2019,EN,Endangered,59314
2008,2008,EN,Endangered,59314
2004,2004,EN,Endangered,59314
2020,2019,EN,Endangered,59315
2008,2008,EN,Endangered,59315
2004,2004,EN,Endangered,59315
2020,2019,EN,Endangered,59316
2008,2008,DD,Data Deficient,59316
2004,2004,DD,Data Deficient,59316
2019,2019,EN,Endangered,112686503
2019,2019,EN,Endangered,78521935
2020,2019,EN,Endangered,51061226
2020,2019,EN,Endangered,78521975
2020,2019,EN,Endangered,59321
2008,2008,EN,Endangered,59321
2004,2004,EN,Endangered,59321
2020,2019,EN,Endangered,51147304
2020,2019,EN,Endangered,59324
2008,2008,EN,Endangered,59324
2004,2004,EN,Endangered,59324
2021,2019,EN,Endangered,51061249
2020,2019,EN,Endangered,51061249
2020,2019,EN,Endangered,51147467
2021,2017,EN,Endangered,176174
2011,2010,CR,Critically Endangered,176174
2015,2015,EN,Endangered,190194
2013,2011,EN,Endangered,15185
1996,1996,VU,Vulnerable,15185
1994,1994,I,Indeterminate,15185
1990,1990,I,Indeterminate,15185
1988,1988,I,Indeterminate,15185
1986,1986,V,Vulnerable,15185
2021,2021,EN,Endangered,189545680
2010,2009,EN,Endangered,156134
2010,2009,EN,Endangered,155652
2010,2009,EN,Endangered,155964
2010,2009,EN,Endangered,156142
2010,2009,EN,Endangered,156106
2010,2009,EN,Endangered,156155
2010,2009,EN,Endangered,155541
2010,2009,EN,Endangered,155685
2010,2009,EN,Endangered,155698
2015,2015,EN,Endangered,15188
2013,2013,EN,Endangered,15188
2008,2008,NT,Near Threatened,15188
1996,1996,LR/nt,Lower Risk/near threatened,15188
2018,2017,EN,Endangered,67599982
2021,2019,EN,Endangered,139167315
2021,2019,EN,Endangered,177421
2018,2009,DD,Data Deficient,177421
2010,2009,DD,Data Deficient,177421
2012,2011,EN,Endangered,169893
2009,2007,EN,Endangered,169893
2016,2014,EN,Endangered,49830649
2019,2018,EN,Endangered,120189237
2019,2018,EN,Endangered,120189424
2019,2018,EN,Endangered,15257
1996,1996,VU,Vulnerable,15257
1994,1994,V,Vulnerable,15257
2019,2018,EN,Endangered,120190272
2019,2019,EN,Endangered,120189545
2019,2018,EN,Endangered,120189599
2019,2018,EN,Endangered,15267
2019,2018,EN,Endangered,15258
1996,1996,VU,Vulnerable,15258
1994,1994,I,Indeterminate,15258
2019,2018,EN,Endangered,15260
2010,2009,EN,Endangered,15260
1996,1996,VU,Vulnerable,15260
1994,1994,K,Insufficiently Known,15260
2019,2018,EN,Endangered,120190019
2021,2019,EN,Endangered,120190127
2019,2018,EN,Endangered,120190169
2019,2018,EN,Endangered,120190199
2019,2018,EN,Endangered,15265
1996,1996,VU,Vulnerable,15265
2019,2019,EN,Endangered,6013
1996,1996,VU,Vulnerable,6013
1994,1994,V,Vulnerable,6013
2011,2011,EN,Endangered,195500
2015,2015,EN,Endangered,48086193
2020,2019,EN,Endangered,15268
1996,1996,VU,Vulnerable,15268
1994,1994,V,Vulnerable,15268
2016,2015,EN,Endangered,69641425
2016,2015,EN,Endangered,16084355
2016,2015,EN,Endangered,16084429
1996,1996,EN,Endangered,15298
2020,2011,EN,Endangered,195561
2012,2011,EN,Endangered,195561
2020,2019,EN,Endangered,91211887
2019,2018,EN,Endangered,91211923
2020,2019,EN,Endangered,91212012
2020,2018,EN,Endangered,91212399
1996,1996,EN,Endangered,15318
1994,1994,V,Vulnerable,15318
1990,1990,V,Vulnerable,15318
1988,1988,E,Endangered,15318
1986,1986,E,Endangered,15318
2018,1996,EN,Endangered,15319
1996,1996,EN,Endangered,15319
1994,1994,E,Endangered,15319
2011,2010,EN,Endangered,201440
2011,2010,EN,Endangered,201450
2011,2010,EN,Endangered,135315
2008,2008,CR,Critically Endangered,135315
2011,2010,EN,Endangered,201447
2011,2010,EN,Endangered,201453
2011,2010,EN,Endangered,201454
2011,2010,EN,Endangered,135336
2008,2008,EN,Endangered,135336
2011,2010,EN,Endangered,135381
2008,2008,EN,Endangered,135381
2011,2010,EN,Endangered,135351
2008,2008,EN,Endangered,135351
2011,2010,EN,Endangered,135328
2008,2008,EN,Endangered,135328
2011,2010,EN,Endangered,201432
2011,2010,EN,Endangered,135321
2008,2008,EN,Endangered,135321
2019,2019,EN,Endangered,142674166
2019,2019,EN,Endangered,142674103
2019,2019,EN,Endangered,142674185
2019,2019,EN,Endangered,142674143
2019,2019,EN,Endangered,145641073
2013,2013,EN,Endangered,138178
2017,2015,EN,Endangered,137924
2021,2020,EN,Endangered,79100485
1996,1996,EN,Endangered,40699
1994,1994,E,Endangered,40699
2019,2019,EN,Endangered,144232997
2019,2019,EN,Endangered,144233018
2019,2018,EN,Endangered,55209
2004,2004,DD,Data Deficient,55209
2021,2021,EN,Endangered,189556991
2020,2017,EN,Endangered,107892150
2007,2007,EN,Endangered,63717
2021,2019,EN,Endangered,149404362
2020,2019,EN,Endangered,181574
2010,2006,DD,Data Deficient,181574
2019,2019,EN,Endangered,15386
1996,1996,DD,Data Deficient,15386
1994,1994,K,Insufficiently Known,15386
1990,1990,I,Indeterminate,15386
1988,1988,I,Indeterminate,15386
2019,2018,EN,Endangered,15387
1996,1996,EN,Endangered,15387
1994,1994,E,Endangered,15387
1990,1990,E,Endangered,15387
2017,2015,EN,Endangered,47261215
2004,2004,EN,Endangered,44622
2004,2004,EN,Endangered,44626
2014,2014,EN,Endangered,162917
2009,2007,EN,Endangered,169781
2020,2018,EN,Endangered,15413
1996,1996,VU,Vulnerable,15413
1994,1994,R,Rare,15413
2020,2018,EN,Endangered,161320521
2020,2018,EN,Endangered,161320641
2020,2018,EN,Endangered,161320740
1996,1996,EN,Endangered,15415
1994,1994,Ex,Extinct,15415
1996,1996,EN,Endangered,15417
1994,1994,Ex,Extinct,15417
2017,2017,EN,Endangered,15419
2008,2008,VU,Vulnerable,15419
1996,1996,DD,Data Deficient,15419
1994,1994,K,Insufficiently Known,15419
1990,1990,K,Insufficiently Known,15419
1988,1988,K,Insufficiently Known,15419
2016,2015,EN,Endangered,68444760
2020,2015,EN,Endangered,17046338
2016,2015,EN,Endangered,17046338
2012,2012,EN,Endangered,17046338
2014,2012,EN,Endangered,196203
2014,2012,EN,Endangered,196205
2010,2010,EN,Endangered,15422
1996,1996,VU,Vulnerable,15422
1994,1994,I,Indeterminate,15422
1990,1990,I,Indeterminate,15422
1988,1988,I,Indeterminate,15422
1986,1986,I,Indeterminate,15422
2010,2010,EN,Endangered,15443
1996,1996,VU,Vulnerable,15443
2010,2010,EN,Endangered,153981
2010,2010,EN,Endangered,15423
1996,1996,CR,Critically Endangered,15423
1994,1994,E,Endangered,15423
1990,1990,E,Endangered,15423
1988,1988,E,Endangered,15423
1986,1986,E,Endangered,15423
1983,1983,V,Vulnerable,15423
2017,2016,EN,Endangered,72327016
2018,2017,EN,Endangered,136047
2014,2013,EN,Endangered,136047
2008,2008,DD,Data Deficient,136047
2018,2017,EN,Endangered,78526171
2018,2017,EN,Endangered,61810
2006,2006,DD,Data Deficient,61810
2018,2017,EN,Endangered,57223
2004,2004,CR,Critically Endangered,57223
2006,2006,EN,Endangered,60339
2006,2006,EN,Endangered,60629
2010,2009,EN,Endangered,182875
2018,2015,EN,Endangered,59947
2010,2006,CR,Critically Endangered,59947
2006,2006,CR,Critically Endangered,59947
2012,2011,EN,Endangered,181081
2011,2011,EN,Endangered,15459
1996,1996,VU,Vulnerable,15459
1994,1994,I,Indeterminate,15459
1990,1990,I,Indeterminate,15459
1988,1988,I,Indeterminate,15459
2020,2019,EN,Endangered,57588
2004,2004,EN,Endangered,57588
2020,2019,EN,Endangered,57594
2004,2004,VU,Vulnerable,57594
2020,2019,EN,Endangered,57596
2004,2004,EN,Endangered,57596
2020,2019,EN,Endangered,57597
2004,2004,EN,Endangered,57597
2020,2019,EN,Endangered,57599
2004,2004,EN,Endangered,57599
2021,2020,EN,Endangered,76491633
2015,2015,CR,Critically Endangered,76491633
2020,2020,EN,Endangered,22678453
2016,2016,EN,Endangered,22678453
2013,2013,EN,Endangered,22678453
2012,2012,EN,Endangered,22678453
2008,2008,EN,Endangered,22678453
2004,2004,EN,Endangered,22678453
2000,2000,EN,Endangered,22678453
1996,1996,VU,Vulnerable,22678453
1994,1994,VU,Vulnerable,22678453
1988,1988,T,Threatened,22678453
2020,2019,EN,Endangered,76317606
2018,2017,EN,Endangered,57925
2004,2004,EN,Endangered,57925
2020,2019,EN,Endangered,112683609
2019,2018,EN,Endangered,57929
2004,2004,DD,Data Deficient,57929
2019,2018,EN,Endangered,57936
2004,2004,DD,Data Deficient,57936
2016,2016,EN,Endangered,15484
2008,2008,EN,Endangered,15484
1996,1996,EN,Endangered,15484
1994,1994,E,Endangered,15484
1990,1990,E,Endangered,15484
2016,2014,EN,Endangered,49830409
2016,2014,EN,Endangered,49830141
2018,2018,EN,Endangered,22708054
2016,2016,VU,Vulnerable,22708054
2012,2012,VU,Vulnerable,22708054
2008,2008,VU,Vulnerable,22708054
2004,2004,VU,Vulnerable,22708054
2000,2000,VU,Vulnerable,22708054
1996,1996,VU,Vulnerable,22708054
1994,1994,VU,Vulnerable,22708054
1988,1988,NT,Near Threatened,22708054
2016,2016,EN,Endangered,22706449
2013,2013,EN,Endangered,22706449
2012,2012,VU,Vulnerable,22706449
2010,2010,VU,Vulnerable,22706449
2008,2008,VU,Vulnerable,22706449
2007,2007,VU,Vulnerable,22706449
2004,2004,VU,Vulnerable,22706449
2000,2000,VU,Vulnerable,22706449
1996,1996,VU,Vulnerable,22706449
1994,1994,VU,Vulnerable,22706449
1988,1988,T,Threatened,22706449
2012,2007,EN,Endangered,199521
2012,2007,EN,Endangered,199557
2018,2018,EN,Endangered,15513
1996,1996,EN,Endangered,15513
1994,1994,E,Endangered,15513
1990,1990,E,Endangered,15513
1988,1988,E,Endangered,15513
1986,1986,E,Endangered,15513
1985,1985,E,Endangered,15513
1983,1983,E,Endangered,15513
2017,2016,EN,Endangered,22697232
2016,2016,EN,Endangered,22697232
2013,2013,EN,Endangered,22697232
2012,2012,EN,Endangered,22697232
2010,2010,EN,Endangered,22697232
2008,2008,EN,Endangered,22697232
2006,2006,EN,Endangered,22697232
2004,2004,EN,Endangered,22697232
2000,2000,EN,Endangered,22697232
1996,1996,CR,Critically Endangered,22697232
1994,1994,CR,Critically Endangered,22697232
1988,1988,T,Threatened,22697232
2016,2015,EN,Endangered,16084525
2016,2015,EN,Endangered,16084420
2016,2015,EN,Endangered,16084516
2016,2015,EN,Endangered,16084584
2000,2000,EN,Endangered,15541
1996,1996,DD,Data Deficient,15541
1994,1994,V,Vulnerable,15541
1990,1990,V,Vulnerable,15541
1988,1988,V,Vulnerable,15541
2021,2020,EN,Endangered,49254691
1996,1996,EN,Endangered,15542
1994,1994,R,Rare,15542
1990,1990,R,Rare,15542
2006,2006,EN,Endangered,60636
2010,2009,EN,Endangered,182998
2006,2006,EN,Endangered,60639
2006,2006,EN,Endangered,60641
2006,2006,EN,Endangered,60640
2021,2020,EN,Endangered,149165203
2021,2020,EN,Endangered,149171258
2012,2007,EN,Endangered,199554
2019,2018,EN,Endangered,41291
2008,2008,NT,Near Threatened,41291
1996,1996,LR/lc,Lower Risk/least concern,41291
2018,2018,EN,Endangered,15571
2008,2008,NT,Near Threatened,15571
1996,1996,LR/cd,Lower Risk/conservation dependent,15571
2018,2018,EN,Endangered,136871
2008,2008,NT,Near Threatened,136871
2019,2018,EN,Endangered,125851287
2021,2020,EN,Endangered,162159966
2019,2019,EN,Endangered,90332191
2017,2017,EN,Endangered,115554360
2017,2015,EN,Endangered,157875
2010,2009,EN,Endangered,157875
2010,2009,EN,Endangered,164917
2010,2009,EN,Endangered,157575
2004,2004,EN,Endangered,54855
2010,2008,EN,Endangered,54857
2004,2004,EN,Endangered,54857
2013,2012,EN,Endangered,18435557
2019,2019,EN,Endangered,91311386
2011,2010,EN,Endangered,172422
2021,2020,EN,Endangered,55809
2004,2004,EN,Endangered,55809
2016,2014,EN,Endangered,49829515
2013,2010,EN,Endangered,173021
2017,2016,EN,Endangered,45069
2008,2008,EN,Endangered,45069
2004,2004,EN,Endangered,45069
2021,2021,EN,Endangered,45071
2008,2008,EN,Endangered,45071
2004,2004,VU,Vulnerable,45071
2008,2008,EN,Endangered,20480
1996,1996,LR/lc,Lower Risk/least concern,20480
2016,2016,EN,Endangered,22724396
2013,2013,EN,Endangered,22724396
2012,2012,EN,Endangered,22724396
2008,2008,EN,Endangered,22724396
2004,2004,EN,Endangered,22724396
2000,2000,EN,Endangered,22724396
1988,1988,T,Threatened,22724396
2017,2017,EN,Endangered,22688686
2016,2016,CR,Critically Endangered,22688686
2015,2015,CR,Critically Endangered,22688686
2014,2014,CR,Critically Endangered,22688686
2013,2013,CR,Critically Endangered,22688686
2012,2012,CR,Critically Endangered,22688686
2011,2011,CR,Critically Endangered,22688686
2010,2010,CR,Critically Endangered,22688686
2009,2009,CR,Critically Endangered,22688686
2008,2008,CR,Critically Endangered,22688686
2004,2004,CR,Critically Endangered,22688686
2000,2000,CR,Critically Endangered,22688686
1996,1996,CR,Critically Endangered,22688686
1994,1994,CR,Critically Endangered,22688686
1988,1988,NR,Not Recognized,22688686
2016,2016,EN,Endangered,22688565
2012,2012,EN,Endangered,22688565
2008,2008,EN,Endangered,22688565
2006,2006,EN,Endangered,22688565
2004,2004,EN,Endangered,22688565
2000,2000,EN,Endangered,22688565
1996,1996,VU,Vulnerable,22688565
1994,1994,VU,Vulnerable,22688565
1988,1988,T,Threatened,22688565
2017,2017,EN,Endangered,22724585
2016,2016,CR,Critically Endangered,22724585
2015,2015,CR,Critically Endangered,22724585
2012,2012,CR,Critically Endangered,22724585
2010,2010,CR,Critically Endangered,22724585
2009,2009,CR,Critically Endangered,22724585
2008,2008,CR,Critically Endangered,22724585
2004,2004,CR,Critically Endangered,22724585
2000,2000,CR,Critically Endangered,22724585
1994,1994,NR,Not Recognized,22724585
1988,1988,NR,Not Recognized,22724585
2021,2020,EN,Endangered,22688694
2017,2017,EN,Endangered,22688694
2016,2016,CR,Critically Endangered,22688694
2015,2015,CR,Critically Endangered,22688694
2012,2012,CR,Critically Endangered,22688694
2009,2009,CR,Critically Endangered,22688694
2008,2008,CR,Critically Endangered,22688694
2006,2006,CR,Critically Endangered,22688694
2004,2004,CR,Critically Endangered,22688694
2000,2000,CR,Critically Endangered,22688694
1996,1996,CR,Critically Endangered,22688694
1994,1994,CR,Critically Endangered,22688694
1988,1988,T,Threatened,22688694
2016,2016,EN,Endangered,22732040
2012,2012,EN,Endangered,22732040
2008,2008,EN,Endangered,22732040
2006,2006,EN,Endangered,22732040
2004,2004,NR,Not Recognized,22732040
2000,2000,NR,Not Recognized,22732040
1994,1994,NR,Not Recognized,22732040
1988,1988,NR,Not Recognized,22732040
2020,2011,EN,Endangered,198796
2012,2011,EN,Endangered,198796
2013,2012,EN,Endangered,203305
2017,2016,EN,Endangered,171100
2017,2016,EN,Endangered,15769
1996,1996,LR/nt,Lower Risk/near threatened,15769
1994,1994,K,Insufficiently Known,15769
2017,2016,EN,Endangered,170891
2017,2016,EN,Endangered,171548
2020,2019,EN,Endangered,161062238
2021,2020,EN,Endangered,161063345
2021,2020,EN,Endangered,15772
1996,1996,DD,Data Deficient,15772
1994,1994,R,Rare,15772
2016,2016,EN,Endangered,15778
2004,2004,CR,Critically Endangered,15778
1996,1996,VU,Vulnerable,15778
1994,1994,R,Rare,15778
2019,2016,EN,Endangered,15786
2008,2008,EN,Endangered,15786
1996,1996,VU,Vulnerable,15786
2011,2010,EN,Endangered,171855
2011,2010,EN,Endangered,171858
2014,2013,EN,Endangered,19384476
2014,2013,EN,Endangered,19387775
2014,2013,EN,Endangered,19414192
2014,2013,EN,Endangered,19431749
2014,2013,EN,Endangered,19429195
2014,2013,EN,Endangered,19429681
2014,2013,EN,Endangered,19430762
2021,2020,EN,Endangered,63141
2007,2007,VU,Vulnerable,63141
2017,2017,EN,Endangered,22679814
2016,2016,EN,Endangered,22679814
2012,2012,EN,Endangered,22679814
2008,2008,EN,Endangered,22679814
2006,2006,EN,Endangered,22679814
2004,2004,EN,Endangered,22679814
2000,2000,EN,Endangered,22679814
1996,1996,VU,Vulnerable,22679814
1994,1994,VU,Vulnerable,22679814
1988,1988,T,Threatened,22679814
2021,2021,EN,Endangered,22679820
2017,2017,VU,Vulnerable,22679820
2016,2016,NT,Near Threatened,22679820
2013,2013,NT,Near Threatened,22679820
2012,2012,NT,Near Threatened,22679820
2008,2008,NT,Near Threatened,22679820
2007,2007,NT,Near Threatened,22679820
2004,2004,LC,Least Concern,22679820
2000,2000,LR/lc,Lower Risk/least concern,22679820
1994,1994,LR/lc,Lower Risk/least concern,22679820
1988,1988,LR/lc,Lower Risk/least concern,22679820
2008,2008,EN,Endangered,61714
2006,2006,EN,Endangered,61714
2008,2008,EN,Endangered,61715
2006,2006,EN,Endangered,61715
2008,2008,EN,Endangered,61740
2006,2006,EN,Endangered,61740
2019,2019,EN,Endangered,197314
2009,2006,EN,Endangered,168115
2009,2006,EN,Endangered,168120
2009,2006,EN,Endangered,168114
2009,2006,EN,Endangered,168117
2009,2006,EN,Endangered,168113
2020,2018,EN,Endangered,135431279
2019,2018,EN,Endangered,135431279
2012,2010,EN,Endangered,184855
2016,2004,LC,Least Concern,15838
2016,2016,EN,Endangered,15838
2004,2004,LC,Least Concern,15838
1996,1996,LR/lc,Lower Risk/least concern,15838
1994,1994,K,Insufficiently Known,15838
2016,2004,VU,Vulnerable,44505
2016,2016,EN,Endangered,44505
2004,2004,VU,Vulnerable,44505
2016,2016,EN,Endangered,15839
2004,2004,CR,Critically Endangered,15839
1996,1996,VU,Vulnerable,15839
1994,1994,K,Insufficiently Known,15839
2016,2004,EN,Endangered,44483
2016,2016,EN,Endangered,44483
2004,2004,EN,Endangered,44483
2016,2004,EN,Endangered,44485
2016,2016,EN,Endangered,44485
2004,2004,EN,Endangered,44485
2018,2018,EN,Endangered,104062579
2017,2016,EN,Endangered,104062579
2016,2016,EN,Endangered,104062579
2016,2015,EN,Endangered,68446184
2020,2019,EN,Endangered,78528792
2020,2019,EN,Endangered,78528868
2020,2019,EN,Endangered,145401912
2010,2009,EN,Endangered,155881
2006,2006,EN,Endangered,60261
2006,2006,EN,Endangered,15880
1996,1996,EN,Endangered,15880
1994,1994,I,Indeterminate,15880
1990,1990,I,Indeterminate,15880
2006,2006,EN,Endangered,15882
1996,1996,EN,Endangered,15882
1994,1994,I,Indeterminate,15882
1990,1990,I,Indeterminate,15882
2009,2007,EN,Endangered,159037
2006,2006,EN,Endangered,15884
1996,1996,EN,Endangered,15884
1994,1994,I,Indeterminate,15884
1990,1990,I,Indeterminate,15884
2013,2012,EN,Endangered,15885
1996,1996,EN,Endangered,15885
1994,1994,I,Indeterminate,15885
1990,1990,I,Indeterminate,15885
1988,1988,I,Indeterminate,15885
1986,1986,I,Indeterminate,15885
2013,2013,EN,Endangered,197940
2013,2012,EN,Endangered,15887
1996,1996,EN,Endangered,15887
1994,1994,E,Endangered,15887
1990,1990,I,Indeterminate,15887
1988,1988,I,Indeterminate,15887
1986,1986,I,Indeterminate,15887
2012,2011,EN,Endangered,195568
2012,2011,EN,Endangered,15907
1996,1996,DD,Data Deficient,15907
1994,1994,V,Vulnerable,15907
2016,2011,EN,Endangered,16294
2012,2011,EN,Endangered,16294
1996,1996,CR,Critically Endangered,16294
1994,1994,V,Vulnerable,16294
2016,2016,EN,Endangered,40092
2009,2006,EN,Endangered,40092
2000,2000,CR,Critically Endangered,40092
1996,1996,EN,Endangered,40092
2012,2010,EN,Endangered,189770
2021,2019,EN,Endangered,149171108
2016,2014,EN,Endangered,58386247
2020,2019,EN,Endangered,139541948
2011,2011,EN,Endangered,180689
2020,2019,EN,Endangered,91103190
2020,2019,EN,Endangered,91104582
2021,2017,EN,Endangered,176192
2018,2010,NT,Near Threatened,176192
2011,2010,NT,Near Threatened,176192
2016,2016,EN,Endangered,15932
2008,2008,EN,Endangered,15932
2007,2007,EN,Endangered,15932
2000,2000,EN,Endangered,15932
1996,1996,EN,Endangered,15932
1994,1994,V,Vulnerable,15932
1990,1990,V,Vulnerable,15932
1988,1988,V,Vulnerable,15932
1986,1986,V,Vulnerable,15932
1965,1965,,"""Status inadequately known-survey required or data sought""",15932
2008,2008,EN,Endangered,15952
2000,2000,CR,Critically Endangered,15952
1996,1996,EN,Endangered,15952
1994,1994,E,Endangered,15952
1990,1990,E,Endangered,15952
1988,1988,E,Endangered,15952
1986,1986,E,Endangered,15952
1965,1965,,"""Very rare but believed to be stable or increasing""",15952
2021,2021,EN,Endangered,15962
2008,2008,CR,Critically Endangered,15962
1996,1996,EN,Endangered,15962
1994,1994,I,Indeterminate,15962
2015,2014,EN,Endangered,15955
2011,2010,EN,Endangered,15955
2010,2010,EN,Endangered,15955
2008,2008,EN,Endangered,15955
2002,2002,EN,Endangered,15955
1996,1996,EN,Endangered,15955
1994,1994,E,Endangered,15955
1990,1990,E,Endangered,15955
1988,1988,E,Endangered,15955
1986,1986,E,Endangered,15955
2011,2010,EN,Endangered,15956
2010,2010,EN,Endangered,15956
2008,2008,EN,Endangered,15956
1996,1996,CR,Critically Endangered,15956
1965,1965,,"""Status inadequately known-survey required or data sought""",15956
2011,2010,EN,Endangered,136853
2010,2010,EN,Endangered,136853
2008,2008,EN,Endangered,136853
2011,2010,EN,Endangered,136899
2010,2010,EN,Endangered,136899
2008,2008,EN,Endangered,136899
2016,2016,EN,Endangered,15933
2008,2008,EN,Endangered,15933
2007,2007,EN,Endangered,15933
2000,2000,EN,Endangered,15933
1996,1996,EN,Endangered,15933
1994,1994,V,Vulnerable,15933
1990,1990,V,Vulnerable,15933
1988,1988,V,Vulnerable,15933
1986,1986,V,Vulnerable,15933
2016,2015,EN,Endangered,40014
2008,2008,EN,Endangered,40014
2007,2007,EN,Endangered,40014
2000,2000,EN,Endangered,40014
2016,2016,EN,Endangered,15937
2008,2008,EN,Endangered,15937
2007,2007,EN,Endangered,15937
2000,2000,EN,Endangered,15937
1996,1996,EN,Endangered,15937
1988,1988,V,Vulnerable,15937
2016,2016,EN,Endangered,15936
2008,2008,EN,Endangered,15936
2007,2007,EN,Endangered,15936
2000,2000,EN,Endangered,15936
1996,1996,EN,Endangered,15936
1988,1988,V,Vulnerable,15936
2019,2019,EN,Endangered,22696649
2018,2018,EN,Endangered,22696649
2016,2016,EN,Endangered,22696649
2012,2012,EN,Endangered,22696649
2010,2010,EN,Endangered,22696649
2008,2008,EN,Endangered,22696649
2006,2006,EN,Endangered,22696649
2005,2005,EN,Endangered,22696649
2004,2004,CR,Critically Endangered,22696649
2000,2000,CR,Critically Endangered,22696649
1996,1996,VU,Vulnerable,22696649
1994,1994,VU,Vulnerable,22696649
1988,1988,T,Threatened,22696649
1996,1996,EN,Endangered,15981
1994,1994,I,Indeterminate,15981
1990,1990,I,Indeterminate,15981
1988,1988,I,Indeterminate,15981
1986,1986,I,Indeterminate,15981
1985,1985,I,Indeterminate,15981
